,ps_code,mp_code
0,CB67871E1EE812ADB3EF9DC7421171B9,CB67871E1EE812ADC89FE268D11228EA
1,CB67871E1EE812ADB3EF9DC7421171B9,CB67871E1EE812AD8F52BC4506AC5670
2,661B669BFE73BF30039221AF69B62479,661B669BFE73BF30A97DAB8D982B5E63
3,661B669BFE73BF30039221AF69B62479,661B669BFE73BF300C0FF539521E00BE
4,75D07C17CA9B51A93661CDA411E83188,75D07C17CA9B51A993F73D425B8179B2
5,75D07C17CA9B51A93661CDA411E83188,75D07C17CA9B51A942720C7E3FB626E9
6,1DCC00CE2B789683E9DFDAAF5570721B,1DCC00CE2B789683C0E26CE7BA69D439
7,1DCC00CE2B789683E9DFDAAF5570721B,1DCC00CE2B7896836768AE902B04A90E
8,1DCC00CE2B789683E9DFDAAF5570721B,1DCC00CE2B789683A11B0C56C477359E
9,1DCC00CE2B789683E9DFDAAF5570721B,1DCC00CE2B7896836A62118EED95D3EF
10,1DCC00CE2B789683E9DFDAAF5570721B,1DCC00CE2B7896834BF8D3802959056F
11,1DCC00CE2B789683E9DFDAAF5570721B,1DCC00CE2B789683829CC9CDF717EBB7
12,FD46DC84DEB2A8EF9CA9BD0C64F3704B,FD46DC84DEB2A8EFD8F04ED9C4C9C2CE
13,FD46DC84DEB2A8EF9CA9BD0C64F3704B,FD46DC84DEB2A8EF40573B1D5C025928
14,9AE071E859D28FD53C038776CF093B45,9AE071E859D28FD585A0F10098EB7B97
15,9AE0E06952A93787A9B490BDD9B98FB5,9AE0E06952A93787B021146E5D4B4956
16,9AE0E06952A93787A9B490BDD9B98FB5,9AE0E06952A9378743F6CE00FE0FE505
17,24CFF171C301C6AF688A4ECD36C6BF6E,24CFF171C301C6AFFD7A36B18597D9F4
18,24CFF171C301C6AF688A4ECD36C6BF6E,24CFF171C301C6AF93C264B5B0124CAD
19,24CFF171C301C6AF688A4ECD36C6BF6E,24CFF171C301C6AFA986760BC13B2887
20,C84AC227BD63921A1E86589369A3537A,C84AC227BD63921A76A77F89E2A5BC11
21,CFED4CB03A71ABF3E7ABC4CE24ACD095,CFED4CB03A71ABF3AB45EB74AE1FD8A1
22,CFED4CB03A71ABF3E7ABC4CE24ACD095,CFED4CB03A71ABF3C72F82706D5E065A
23,CFED4CB03A71ABF3E7ABC4CE24ACD095,CFED4CB03A71ABF3F4811A785E9732DC
24,05447D4F5247EE6BA30BA0046FD112AB,05447D4F5247EE6B5D922B2B04697483
25,05447D4F5247EE6BA30BA0046FD112AB,05447D4F5247EE6B9C9FF0D46DC6F1D4
26,C029DE04705675A29C293F895B00D096,C029DE04705675A2B39AB4690DE650FA
27,C029DE04705675A29C293F895B00D096,C029DE04705675A2D1EDD2E1690EDE38
28,8609CB94471AA9B6013C57FE4038A0C5,8609CB94471AA9B60F448588A570A059
29,8609CB94471AA9B6013C57FE4038A0C5,8609CB94471AA9B6B5CE6377097FEA5F
30,C189999F51E4BEE6D1ECA0F1F22BBEFB,C189999F51E4BEE6138FD09C47F1371E
31,27759AA696B692BD7601E65E8B062FF0,27759AA696B692BD192ED4C9BA35A455
32,27759AA696B692BD7601E65E8B062FF0,27759AA696B692BDB2BEC79A9254C496
33,27759AA696B692BD7601E65E8B062FF0,27759AA696B692BDBF7BEA806057253D
34,27759AA696B692BD7601E65E8B062FF0,27759AA696B692BDD07E6C069E19E4B1
35,10CCFF6ADF1A56DD7F8BCF4E5AD92CB4,10CCFF6ADF1A56DD79CD7585C4676AD6
36,10CCFF6ADF1A56DD7F8BCF4E5AD92CB4,10CCFF6ADF1A56DD3F448E20EA6086C8
37,13C2D0DCE6FB5F5F1BFDA298A54CA80D,13C2D0DCE6FB5F5FB2BE3E32478A0CC5
38,13C2D0DCE6FB5F5F1BFDA298A54CA80D,13C2D0DCE6FB5F5F7566D0CA7902390E
39,13C2D0DCE6FB5F5F1BFDA298A54CA80D,13C2D0DCE6FB5F5FD0CBE61B525A799D
40,AE161A7AB1D01B42E272C8045E876CE0,AE161A7AB1D01B42BE13A27D869144D2
41,3E22DA83672A6997C05FD8763F95BDD7,3E22DA83672A6997CB85BE05102ED554
42,3E22DA83672A6997C05FD8763F95BDD7,3E22DA83672A699702C1F2FF6A5FF6DE
43,3E22DA83672A6997C05FD8763F95BDD7,3E22DA83672A699762D23BD1FEC05F9B
44,3E22DA83672A6997C05FD8763F95BDD7,3E22DA83672A699762BBE83F61958AB2
45,8609CB94471AA9B6D2D27B6AEA5DC047,8609CB94471AA9B6330E7B1F07C11467
46,8609CB94471AA9B6D2D27B6AEA5DC047,8609CB94471AA9B6058404B190AFBCB6
47,779188E723A23D23477BF5AE2B77B14C,8A8219C2DA3832F9891E1BC9B6511DE2DF2BB1FA1E4C0CDC2D3DA23F6C1C71E934CFE59B69F5BF47
48,E85C2711017655CF403AF7D59AFD4354,E85C2711017655CF2BCAD0E74B35AAF7
49,E85C2711017655CF403AF7D59AFD4354,E85C2711017655CF8219049F19ABF38F
50,E85C2711017655CF403AF7D59AFD4354,E85C2711017655CF30114A17F7ECC1E5
51,E85C2711017655CF403AF7D59AFD4354,E85C2711017655CF107D2F93BF7B7F58
52,85B6CA827F48D231EE091F4BBEE40A6A,85B6CA827F48D23191C5CB23B69C16F9
53,85B6CA827F48D231EE091F4BBEE40A6A,85B6CA827F48D2315497CC9D4FF0F81C
54,85B6CA827F48D231EE091F4BBEE40A6A,85B6CA827F48D231E5240EB54F2AAFA8
55,8F3EAC9171F405F4F63552351D74351D,8F3EAC9171F405F4EB4675E448B48313
56,8F3EAC9171F405F4F63552351D74351D,8F3EAC9171F405F426A291B6E9D227E0
57,8F3EAC9171F405F4F63552351D74351D,8F3EAC9171F405F4B579788F086BA3D5
58,607D7BE39E8B49748BD4CDD26F04FCDB,607D7BE39E8B49743E7B5A83C34D4C8C
59,B90386592391E809886C7EFFC554E56D,B90386592391E80943CC08297C64F5EA
60,B90386592391E809886C7EFFC554E56D,B90386592391E8096C5E91BD572970CE
61,B90386592391E809886C7EFFC554E56D,B90386592391E809E9D214ABDEA89C0D
62,8609CB94471AA9B6C3721D5A6CF1EFE1,8609CB94471AA9B614BAEC43AC5D932C
63,8609CB94471AA9B6C3721D5A6CF1EFE1,8609CB94471AA9B6B0B66284BA410B86
64,8609CB94471AA9B6C3721D5A6CF1EFE1,8609CB94471AA9B63A6010ACE022B252
65,8609CB94471AA9B6C3721D5A6CF1EFE1,8609CB94471AA9B601971D91DBF02569
66,8609CB94471AA9B6C3721D5A6CF1EFE1,8609CB94471AA9B67ADE0F5A7BC6CEBE
67,8609CB94471AA9B6C3721D5A6CF1EFE1,8609CB94471AA9B6CCC551F59C9AC2C6
68,187BB3F9C98925BF7217382B199DF3F1,187BB3F9C98925BFAB4C44CF0DBEF05E
69,187BB3F9C98925BF7217382B199DF3F1,187BB3F9C98925BF5A465F963F1611DD
70,BC10C6CEBC5A958EB04CF5EB765175DF,BC10C6CEBC5A958E858DE636E2E63314
71,BC10C6CEBC5A958EB04CF5EB765175DF,BC10C6CEBC5A958ECC9B69717292F40F
72,C23C9134D2D8B4703037325E37B093A3,C23C9134D2D8B470922DE70340D3D10F
73,C23C9134D2D8B4703037325E37B093A3,C23C9134D2D8B470FD3BFBA76C5C8784
74,C23C9134D2D8B4703037325E37B093A3,C23C9134D2D8B470872BC0BF2723010A
75,1C1224EE67265E92906BB90C36645803,1C1224EE67265E92676AF1BC692F46EB
76,1C1224EE67265E92906BB90C36645803,1C1224EE67265E92C1F98003C58473737F8AD056D2DFB0A2
77,1C1224EE67265E92906BB90C36645803,1C1224EE67265E9265A6051172BDE76F913BF0E3BDD2FB02
78,9AE0E06952A937878C7E85545B032D46,9AE0E06952A93787818A4F973FB5D045
79,9AE0E06952A937878C7E85545B032D46,9AE0E06952A93787FE75A84560224BD2
80,9AE0E06952A937878C7E85545B032D46,9AE0E06952A937873BC54443BAA09B9C
81,CFED4CB03A71ABF3C296CD7DF25D66B7,CFED4CB03A71ABF399588C2F77427AAA
82,CFED4CB03A71ABF3C296CD7DF25D66B7,CFED4CB03A71ABF3411B3C98D03FA355
83,661B669BFE73BF30FC38A537863B860B,661B669BFE73BF30EFE5C944E94A478C
84,661B669BFE73BF30FC38A537863B860B,661B669BFE73BF300A52E3EE7CF32920
85,6BB71200415564E04578F2B449AB02CF,6BB71200415564E04BCC95E7803D8767
86,6BB71200415564E04578F2B449AB02CF,6BB71200415564E0530C8CB91EC51D8B
87,E07A3BCFC8AB4FADF86802DC67E11D52,E07A3BCFC8AB4FAD276EDE6E606147C9
88,C541F3ABC7FF20C43426DFEBCF985E0D,C541F3ABC7FF20C40F568B67F849218C
89,67925EE5808CF3ECA7CDDB4C9A5064C0,67925EE5808CF3EC3B55F4645455A11A
90,67925EE5808CF3ECA7CDDB4C9A5064C0,67925EE5808CF3ECBE27D9FD59F60A6A
91,3B45506609B3B60FF04A9CEFE16F78C3,3B45506609B3B60F4D8AE74004BD91DC
92,8F3EAC9171F405F4E3F246DCF2B61530,8F3EAC9171F405F44B6E7B21E2016715
93,8F3EAC9171F405F4E3F246DCF2B61530,8F3EAC9171F405F45D63A2AA212EA6A7
94,DD8AFFD47EC883FF7C80CC6EC7E433B4,DD8AFFD47EC883FFE3208D7397AF2AAB
95,DD8AFFD47EC883FF7C80CC6EC7E433B4,DD8AFFD47EC883FFABB1F7F7FC1484A4
96,DD8AFFD47EC883FF7C80CC6EC7E433B4,DD8AFFD47EC883FFACF105824A2CE717
97,B90386592391E8094DA7D00D47435B80,B90386592391E809B53C627745604035
98,B90386592391E8094DA7D00D47435B80,B90386592391E8097033D92763677BC7
99,661B669BFE73BF3038C51D1D37E62E6B,661B669BFE73BF3063C6F1C8E8F9FB7F
100,661B669BFE73BF3038C51D1D37E62E6B,661B669BFE73BF308C4A88F28C515A0C
101,0FB5E2B1D7F5B2378BA6CCF06ED293DB,0FB5E2B1D7F5B2372B012224E233878D
102,0FB5E2B1D7F5B2378BA6CCF06ED293DB,0FB5E2B1D7F5B2378305C7CFFB108629
103,A72A7408C1DC984BB2713E4B30C50E02,A72A7408C1DC984BD370990FF6E377B5
104,A72A7408C1DC984BB2713E4B30C50E02,A72A7408C1DC984BFA8E934B2090105E
105,50AAFD4DDABFFDD6C217F8F356B10816,50AAFD4DDABFFDD6494688D78651EB26
106,50AAFD4DDABFFDD6C217F8F356B10816,50AAFD4DDABFFDD657A886800976E173
107,7A6222977FCB34E9A58C4E9DCC3B5709,7A6222977FCB34E985220B392527E4BE
108,7A6222977FCB34E9A58C4E9DCC3B5709,7A6222977FCB34E9A590191182713BC0
109,78660FCBB57BEF7417711C2B71F47074,78660FCBB57BEF741DCA8022F4D3184D
110,78660FCBB57BEF7417711C2B71F47074,78660FCBB57BEF7489DBE29F72009401
111,DE3681CD588BB5A768086314E8885B94,DE3681CD588BB5A77EF3095F70EF010A
112,DE3681CD588BB5A768086314E8885B94,DE3681CD588BB5A73592E25B75D2D949
113,FD46DC84DEB2A8EF0FB6A7B859345E70,FD46DC84DEB2A8EF385A830F1BCE8217
114,FD46DC84DEB2A8EF0FB6A7B859345E70,FD46DC84DEB2A8EF41E9BFA155F21EA7
115,2FC51BC0AB25E9211F560C026963F9F2,2FC51BC0AB25E921D5FA12A68D82CC23
116,2FC51BC0AB25E9211F560C026963F9F2,2FC51BC0AB25E921B1C7642987E1D457
117,2FC51BC0AB25E9211F560C026963F9F2,2FC51BC0AB25E92142DEC209FE5232FF
118,5F537522C722293B4DC13A534F319E61,5F537522C722293BE71D252E57DC231B
119,5F537522C722293B4DC13A534F319E61,5F537522C722293BADC19F7F8F58147E5C3018063B7615DB
120,536FDA86F72AAB9D58498CB10F3BD2C1,536FDA86F72AAB9D79CFFFB61F633E3D
121,536FDA86F72AAB9D58498CB10F3BD2C1,536FDA86F72AAB9DDC04FC6F2C41C6F0
122,CBB517961CECB27C1803BBB0944D468C,CBB517961CECB27C2757FAE427C9DD36
123,CBB517961CECB27C1803BBB0944D468C,CBB517961CECB27C9DBA4FC591845C58
124,B3B4454BA852A40A5F617E452A19B10A,B3B4454BA852A40ACBD70DD636FC6F6B
125,B3B4454BA852A40A5F617E452A19B10A,B3B4454BA852A40AAA0D3CD8B7660436
126,CB142F3CDE6FD322D969AAEB4CB2FE45,CB142F3CDE6FD32234C7C823BFB74E80
127,CB142F3CDE6FD322D969AAEB4CB2FE45,CB142F3CDE6FD322EEB99415E5429062
128,A9C4EA6459B5C41515F1AFED50A52B4F,A9C4EA6459B5C41590FC590F642366D1
129,A9C4EA6459B5C41515F1AFED50A52B4F,A9C4EA6459B5C415756ECB41FBA92692
130,C18E59218D21356A7283FF52F76520B3,C18E59218D21356A30196C5B775DCBC5
131,C18E59218D21356A7283FF52F76520B3,C18E59218D21356AABEFC4EFEEFE8E2D
132,CBB517961CECB27CA1ACF152FB37FEF7,CBB517961CECB27C56FB60AE1291AEAA
133,CBB517961CECB27CA1ACF152FB37FEF7,CBB517961CECB27CAC665B5763A3F5A4
134,412C25AB1B9E7D5040E10DBB0CFB216E,412C25AB1B9E7D501F4B240A5356C70A
135,DD2307D000E83EDAC31FDA0F3B8E2BD2,DD2307D000E83EDA183FC010C9B183CB
136,DD2307D000E83EDAC31FDA0F3B8E2BD2,DD2307D000E83EDAB969786042A5A2FD
137,DE3681CD588BB5A7B30BF30D7F907D31,DE3681CD588BB5A773D093E0496121A1
138,DE3681CD588BB5A7B30BF30D7F907D31,DE3681CD588BB5A76E40C68C6F7CA6B1
139,32852A2A43E8C0033BD256C5BFD334A9,32852A2A43E8C0036825E4065F61D3BC
140,32852A2A43E8C0033BD256C5BFD334A9,32852A2A43E8C0034439A9B782D1E531
141,32852A2A43E8C0033BD256C5BFD334A9,32852A2A43E8C0036144E7E5BA7D4FD5
142,32852A2A43E8C0033BD256C5BFD334A9,32852A2A43E8C003AEB8C9295F311586
143,32852A2A43E8C0033BD256C5BFD334A9,32852A2A43E8C003E0042002BA3860A0
144,A32C021E641DC7EA5A58E25F66DD482E,A32C021E641DC7EA5BF1B11D3DB811C6
145,A32C021E641DC7EA5A58E25F66DD482E,A32C021E641DC7EAE693CA01578E8D16
146,FF3484BBAC9308215241DC4694A64903,FF3484BBAC93082143806FD3960449DC
147,FF3484BBAC9308215241DC4694A64903,FF3484BBAC930821958B8B698EC1A69B
148,FF3484BBAC9308215241DC4694A64903,FF3484BBAC93082155746E94CB97AD03
149,4B8C0090E591106DCDAF32BB881C4A43,4B8C0090E591106D4CD8C9FC6137654B
150,4B8C0090E591106DCDAF32BB881C4A43,4B8C0090E591106D1F3AAB09162C3A48
151,B93B47F2D7583850B357B921138E9692,B93B47F2D75838502DAD701D9621856F
152,B93B47F2D7583850B357B921138E9692,B93B47F2D7583850C76149039565FCB9
153,B93B47F2D7583850B357B921138E9692,B93B47F2D75838504F6197EF5F8D13B0
154,7743A394AA6BE682EAFB9030C38AB882,7743A394AA6BE682A43B72422E1A5127
155,4EA3A1FD45F36A33ACE8832654DE62A7,4EA3A1FD45F36A332083BB8CB622B3C0
156,4EA3A1FD45F36A33ACE8832654DE62A7,4EA3A1FD45F36A33ACD31AAE08E6A0E3
157,75D07C17CA9B51A9243809C8502D529A,75D07C17CA9B51A99EA3A701D61E6252
158,1BEC2903CC2A60B24DA8904A0DAA4E50,1BEC2903CC2A60B2C9EDBC5772225F77796182D6BCE1BD5E29DE828C667F252B
159,1BEC2903CC2A60B24DA8904A0DAA4E50,1BEC2903CC2A60B2C9EDBC5772225F77796182D6BCE1BD5E5C2C7ED90FB421B1
160,1BEC2903CC2A60B24DA8904A0DAA4E50,1BEC2903CC2A60B2C9EDBC5772225F77796182D6BCE1BD5EBD3B4C4B00787EAD
161,45AA0794393DE9516B7AB5AF745A17EC,45AA0794393DE9518BE97AED19AA6076
162,45AA0794393DE9516B7AB5AF745A17EC,45AA0794393DE95196A352841D19286D
163,DF7968338A2638D7878C73166B882480,DF7968338A2638D75F7F64D1056BA55B
164,DF7968338A2638D7878C73166B882480,DF7968338A2638D7006DA2E4DA7352E7
165,DF7968338A2638D7878C73166B882480,DF7968338A2638D7394077835667507B
166,C541F3ABC7FF20C4436F4ED0E451A6C1,C541F3ABC7FF20C4D8D94CBE0AD46C06
167,65B9EEE9D7DF14DB7E1CC6F284192DAC,65B9EEE9D7DF14DBF1121C63EDFA47A4
168,65B9EEE9D7DF14DB7E1CC6F284192DAC,65B9EEE9D7DF14DBF9CC331DCA626D9C
169,65B9EEE9D7DF14DB7E1CC6F284192DAC,65B9EEE9D7DF14DB758C5DACAE126DB2
170,0D5F210D2E72049F94F5EB7E053E76EC,0D5F210D2E72049F8E11D4A27EB7E1F6
171,0D5F210D2E72049F94F5EB7E053E76EC,0D5F210D2E72049F2E1A03B8AA519715
172,0D5F210D2E72049F94F5EB7E053E76EC,0D5F210D2E72049FE6DF1305A373A24C
173,F3AB5916A417E48E6C2AF5E329DA3A99,F3AB5916A417E48E222D4C63E0DFE53A
174,F3AB5916A417E48E6C2AF5E329DA3A99,F3AB5916A417E48EEED439D2CDAD2F31
175,F3AB5916A417E48E6C2AF5E329DA3A99,F3AB5916A417E48E907CBEF3649AA636
176,A72A7408C1DC984BAAC33F50368CD271,A72A7408C1DC984B45888E11EA399D38
177,A72A7408C1DC984BAAC33F50368CD271,A72A7408C1DC984BF047E0783DADED3B
178,45AA0794393DE9513A8A251A2881BE03,45AA0794393DE951317A729E8C25DF2C
179,45AA0794393DE9513A8A251A2881BE03,45AA0794393DE951B52B45B7408D5688
180,45AA0794393DE9513A8A251A2881BE03,45AA0794393DE9513F21D8A3339FAD9B
181,45AA0794393DE9513A8A251A2881BE03,45AA0794393DE951DBD5936EA44D5600
182,DE3681CD588BB5A723F3BFA8B55D1881,DE3681CD588BB5A734931EF232930122
183,7E4B12708C6CB149238772E0F7C4C108,7E4B12708C6CB1498BE959ADAFC6D0D0
184,7E4B12708C6CB149238772E0F7C4C108,7E4B12708C6CB1497C0670708B13100C
185,7E4B12708C6CB149238772E0F7C4C108,7E4B12708C6CB149472F6D067FB0FE82
186,F414F3DA1C958247E30A662461F86A4A,F414F3DA1C9582478ADCC2EF9A17DC33
187,F414F3DA1C958247E30A662461F86A4A,F414F3DA1C958247699474A2274595C0
188,F414F3DA1C958247E30A662461F86A4A,F414F3DA1C958247042DD957C4CF0A3D
189,9DFF3FA6740ECECCC3515CFCC8361691,9DFF3FA6740ECECC1B8495CFD7C58764
190,9DFF3FA6740ECECCC3515CFCC8361691,9DFF3FA6740ECECCBCCDFC9EE2CC3374
191,A9C4EA6459B5C415AF4336198732EBE6,A9C4EA6459B5C4154DB9444C3833CA7F
192,A9C4EA6459B5C415AF4336198732EBE6,A9C4EA6459B5C415155E61C3CFF1BEFB
193,A9C4EA6459B5C415AF4336198732EBE6,A9C4EA6459B5C41559C85E5E241AA9BF
194,4588CB97B8AEEC96D69AC9BB9F6914FE,4588CB97B8AEEC96E1752D57D94DEEC5
195,4588CB97B8AEEC96D69AC9BB9F6914FE,4588CB97B8AEEC96A9261D83D3569D87
196,4588CB97B8AEEC96D69AC9BB9F6914FE,4588CB97B8AEEC96CA5396F9182E4F9A
197,4588CB97B8AEEC96D69AC9BB9F6914FE,4588CB97B8AEEC9670BFA166FD17DE0F
198,A72A7408C1DC984B4158AA27F3FE9092,A72A7408C1DC984B6493E8DB7525DEA5
199,A72A7408C1DC984B4158AA27F3FE9092,A72A7408C1DC984B05551A2D2128D3F3
200,2FD86C1B7A1ED71B4725901738B21F4F,2FD86C1B7A1ED71BBAF3F819C18C3E2E
201,A9C4EA6459B5C4155448E6B890D10953,A9C4EA6459B5C4155E690D39D517A852
202,E07A3BCFC8AB4FAD0993B006FE85CD7E,E07A3BCFC8AB4FAD625ADB8395E8EFC9
203,E07A3BCFC8AB4FAD0993B006FE85CD7E,E07A3BCFC8AB4FAD3E1BECAC7AC35AF1
204,E07A3BCFC8AB4FAD0993B006FE85CD7E,E07A3BCFC8AB4FADA079EA56B3019F5D
205,8609CB94471AA9B62BC3A8833718E0C2,8609CB94471AA9B6FAF2586078E653E7
206,8609CB94471AA9B62BC3A8833718E0C2,8609CB94471AA9B6EFE84B7CD8B8B5E6
207,8DE01318CDB4095CB5272DBD40229E94,8DE01318CDB4095CC4C200F9AC07CE2F
208,8DE01318CDB4095CB5272DBD40229E94,8DE01318CDB4095C999DAF18F58D4A03
209,866B66AF0CE56CB2BEA0AA99BECC1E60,866B66AF0CE56CB2E9D6253EDE4BF998
210,866B66AF0CE56CB2BEA0AA99BECC1E60,866B66AF0CE56CB25208A3B4E358D074
211,85B6CA827F48D231C76E46E89532DD22,85B6CA827F48D231FCAC79705AD79F93
212,85B6CA827F48D231C76E46E89532DD22,85B6CA827F48D231E91ACE2E37F85329
213,85B6CA827F48D231C76E46E89532DD22,85B6CA827F48D2314728629DDCFE0F54
214,85B6CA827F48D231C76E46E89532DD22,85B6CA827F48D2318305F301AC4F0579
215,85B6CA827F48D231C76E46E89532DD22,85B6CA827F48D2316BC6783D53641F4C
216,866B66AF0CE56CB24026EC197DCED05F,866B66AF0CE56CB21E2D0BBE9520AA1E
217,516DD3A24ADEF30DF40CE20839859A6C,516DD3A24ADEF30DE20A8EB4A08611B4
218,516DD3A24ADEF30DF40CE20839859A6C,516DD3A24ADEF30D38707F73963473A2
219,CE1CB6A0B9A78F11963F5541C2837E38,CE1CB6A0B9A78F112F2506B20AB9E186
220,CE1CB6A0B9A78F11963F5541C2837E38,CE1CB6A0B9A78F112596B6D182F220D1
221,B90386592391E8090D395916B2D8567E,B90386592391E809FE6D5D2DBC1AA08F
222,B90386592391E8090D395916B2D8567E,B90386592391E809738F86CCFD7E6F51
223,B90386592391E8090D395916B2D8567E,B90386592391E809457DFADACA6646F4
224,13C2D0DCE6FB5F5F1DA27CBF26FE0FBD,13C2D0DCE6FB5F5F3CCFCBF22D94355C
225,13C2D0DCE6FB5F5F1DA27CBF26FE0FBD,13C2D0DCE6FB5F5FA5E5AF2602F3C68B
226,13C2D0DCE6FB5F5F1DA27CBF26FE0FBD,13C2D0DCE6FB5F5F2800AD9326541C35
227,FE995D3ED899F2F53AB22481C41C8EB1,FE995D3ED899F2F5BCAF3F5306141393
228,FE995D3ED899F2F53AB22481C41C8EB1,FE995D3ED899F2F575AB092D8C2815D6
229,7743A394AA6BE682A2F4D5F1FDB06A32,7743A394AA6BE682035FE5F9B3A8A870
230,08A06AB7A6A46D549088A1CD6CD98971,08A06AB7A6A46D54EFECB5110F28483E
231,08A06AB7A6A46D549088A1CD6CD98971,08A06AB7A6A46D54C725EC9B1DFD71FC
232,08A06AB7A6A46D549088A1CD6CD98971,08A06AB7A6A46D54E5A48B950047C442
233,3BAF3198C0944D379FED51DE6CAB9043,3BAF3198C0944D372BD9637D5A7E56F8
234,3BAF3198C0944D379FED51DE6CAB9043,3BAF3198C0944D374EB274A4E8C51A3B
235,8F3EAC9171F405F4DC7C716315FF1145,8F3EAC9171F405F48B55D1CB694D9D5A
236,8F3EAC9171F405F4DC7C716315FF1145,8F3EAC9171F405F4DB1AA40C59A3DA07
237,1B54095EFF87CACA5CC879155265974A,1B54095EFF87CACA3C420E98425BFC8D
238,E04828787A701DB124DBBC22D4574428,E04828787A701DB174D2FF21D6979523
239,E04828787A701DB124DBBC22D4574428,E04828787A701DB167EE450B1C1DBB90
240,B90386592391E809C3AEB16888EB618D,B90386592391E809C3E0001CBBA0BCEB
241,B90386592391E809C3AEB16888EB618D,B90386592391E8099B9F62FD426C8B57
242,B90386592391E809C3AEB16888EB618D,B90386592391E8094E7B28F1213ACCA9
243,D943A7B0CA6BAF06D0E0C2D89AC448D4,D943A7B0CA6BAF06920F438A986B0DE4
244,D943A7B0CA6BAF06D0E0C2D89AC448D4,D943A7B0CA6BAF06F71A949B67BEC622
245,D943A7B0CA6BAF06D0E0C2D89AC448D4,D943A7B0CA6BAF06ED35D6B937557BE3
246,1DCC00CE2B789683DAA3A55E773F97D1,1DCC00CE2B78968394EB7E4F234FE5DC
247,1DCC00CE2B789683DAA3A55E773F97D1,1DCC00CE2B789683BD04B3712E36E717
248,CCBC9E7F48D9BB872BA77B797002234E,CCBC9E7F48D9BB87C2FCF13CE196C770
249,1623CD22925DA236E9808AF49D2B2E16,1623CD22925DA2364B2769B06C7250F1
250,1623CD22925DA236E9808AF49D2B2E16,1623CD22925DA236DD212BC774335216
251,F3AB5916A417E48E7F1EB7C8BCDD690B,F3AB5916A417E48E22EA0BBE5D4D74E6
252,F3AB5916A417E48E7F1EB7C8BCDD690B,F3AB5916A417E48ECA794DC4D1870C3D
253,F3AB5916A417E48E7F1EB7C8BCDD690B,F3AB5916A417E48E01FC5883D0F41417
254,F3E34C08C5C84F5A11DDD1D38A2CBAD1,F3E34C08C5C84F5A26CA99719CDE2D26
255,F3E34C08C5C84F5A11DDD1D38A2CBAD1,F3E34C08C5C84F5AA74139039D30D8A1
256,F3E34C08C5C84F5A11DDD1D38A2CBAD1,F3E34C08C5C84F5A2EE04C7BBCEBF3E7
257,F3E34C08C5C84F5A11DDD1D38A2CBAD1,F3E34C08C5C84F5A602E4F89CED134FD
258,F3E34C08C5C84F5A11DDD1D38A2CBAD1,F3E34C08C5C84F5A0069FB1D6C4A33A1
259,F3E34C08C5C84F5A11DDD1D38A2CBAD1,F3E34C08C5C84F5A2A2FC680F884281B
260,7240307165D642605D794F8D8E8D8292,7240307165D64260B3E35F1C28532F15
261,CBB517961CECB27C0F44CBCE7BA3DB5F,CBB517961CECB27CBB22A4F1F3EB2231
262,CBB517961CECB27C0F44CBCE7BA3DB5F,CBB517961CECB27CAFE8235340C91EBC
263,8F3EAC9171F405F4717F848F9B737358,8F3EAC9171F405F4791182F2B0FD282B
264,8F3EAC9171F405F4717F848F9B737358,8F3EAC9171F405F472C34E8466458022
265,B93B47F2D758385043E6EA64D64CCF9F,B93B47F2D75838509A02B23E1C97A60D
266,B93B47F2D758385043E6EA64D64CCF9F,B93B47F2D7583850D9DD6CF496A0D318
267,2A6045384F72F941D94917348166A0CB,2A6045384F72F9415B1D0FCCF0F41A47
268,2A6045384F72F941D94917348166A0CB,2A6045384F72F941D77E612380046656
269,BED56B5FBD0168C50761749BE6540CBC,BED56B5FBD0168C56CEA1F6DF56E5B8D
270,BED56B5FBD0168C50761749BE6540CBC,BED56B5FBD0168C51BA0382BD182E64E
271,BED56B5FBD0168C50761749BE6540CBC,BED56B5FBD0168C51AAE31AD6E4A1EDD
272,BED56B5FBD0168C50761749BE6540CBC,BED56B5FBD0168C575B485F39BDDF8EA
273,BED56B5FBD0168C50761749BE6540CBC,BED56B5FBD0168C520170FA6AF35120A
274,BED56B5FBD0168C50761749BE6540CBC,BED56B5FBD0168C57060C18B8DC92661
275,00586C96EB6533B8BA5BE84DDC462AFE,00586C96EB6533B805BFA7D9732C4713
276,00586C96EB6533B8BA5BE84DDC462AFE,00586C96EB6533B822B90B2D87B94FB1
277,8885F9EE17CD295EA0872F627DA1288B,8885F9EE17CD295EB0F2E6AF0472E688
278,F5E65030F388527BB8E4866AF9577B7E,F5E65030F388527B36DB1D449E2650D3
279,F5E65030F388527BB8E4866AF9577B7E,F5E65030F388527BDD94433BA447736C
280,F5E65030F388527BB8E4866AF9577B7E,F5E65030F388527BFCD0D34AD2A3BE8E
281,84E283BA983FB75EA31604B5CDD3C265,84E283BA983FB75E46A9E670F03F6EC4
282,FB26BB9222E532EB1A1E4DAF6CC53463,FB26BB9222E532EBA6A6EC0E0DF48A44
283,FB26BB9222E532EB1A1E4DAF6CC53463,FB26BB9222E532EBBD09CEB5452D54E8
284,FB26BB9222E532EB1A1E4DAF6CC53463,FB26BB9222E532EB81242C39B3771A9D
285,607D7BE39E8B497415F0C1037235AA21,607D7BE39E8B49741937DFD40C2A67EF
286,AC163D7A5128784D32291C7D02331DEA,AC163D7A5128784D92D48D118DB93359
287,AC163D7A5128784D32291C7D02331DEA,AC163D7A5128784DC0091E8E527FAA6A
288,AC163D7A5128784D32291C7D02331DEA,AC163D7A5128784DE3AA56973B18C598
289,AC163D7A5128784D32291C7D02331DEA,AC163D7A5128784D270F01877C628F09
290,8F3EAC9171F405F4E1C0DCBB56394DFC,8F3EAC9171F405F41ADEDEB53CB2CADD
291,8F3EAC9171F405F4E1C0DCBB56394DFC,8F3EAC9171F405F4982717FF8C5EF983
292,A9C4EA6459B5C4153AEB497F326136C9,A9C4EA6459B5C4157C70B26751D47BD3
293,A9C4EA6459B5C4153AEB497F326136C9,A9C4EA6459B5C41507BE3DA81C682574
294,A9C4EA6459B5C4153AEB497F326136C9,A9C4EA6459B5C415DD8D5D9CE0713E40
295,27759AA696B692BD270C6B689BECEC34,27759AA696B692BD49006EB8D8D180B2
296,27759AA696B692BD270C6B689BECEC34,27759AA696B692BDCEF6670C4AC6B04B
297,3E458CF3D8129DCDF194B92FF24EDC04,3E458CF3D8129DCDF894E4A051959C9A
298,3E458CF3D8129DCDF194B92FF24EDC04,3E458CF3D8129DCDACE8255ED18B9836
299,AB1C3C926458240BC8D89316DBBC7C10,AB1C3C926458240BDA80602B3DD9231F
300,AB1C3C926458240BC8D89316DBBC7C10,AB1C3C926458240B76461381CAB129F1
301,CE1CB6A0B9A78F115F4165462808B39E,CE1CB6A0B9A78F11E0E6857150E37CCC
302,CE1CB6A0B9A78F115F4165462808B39E,CE1CB6A0B9A78F11B0C0897FEBEA0D6A
303,3BE32931AD169A5A54A9DC1F07E920DA,3BE32931AD169A5A68D20356BA7B958F
304,3BE32931AD169A5A54A9DC1F07E920DA,3BE32931AD169A5A545E93CF93B3F5F1
305,9727FC0EA894BD87AA236552A3368F2C,9727FC0EA894BD87A11F4E0C2A32F307
306,9727FC0EA894BD87AA236552A3368F2C,9727FC0EA894BD87E507EBD5A883E5D7
307,068E652C488E6D0103C2369852C6E420,068E652C488E6D01D2926B4A93469951
308,068E652C488E6D0103C2369852C6E420,068E652C488E6D015EEE112CAF2FD696
309,5AADB5AA5AEC1BCBC487B1182E9F0608,5AADB5AA5AEC1BCB5E2F79C1038CFD57
310,5AADB5AA5AEC1BCBC487B1182E9F0608,5AADB5AA5AEC1BCB576D3A3D5F58F034
311,661B669BFE73BF30E9E6D8BA1528876F,661B669BFE73BF30F1D97BA04526D30A
312,0A7A58EFC1ABF796FB70BE94EA7FEAD5,0A7A58EFC1ABF7968A8597DEFF1BA476
313,0A7A58EFC1ABF796FB70BE94EA7FEAD5,0A7A58EFC1ABF7960889BA7D598A0734
314,0A7A58EFC1ABF796FB70BE94EA7FEAD5,0A7A58EFC1ABF796C3890417CB2FC988
315,5AC8CE20B62DF98A0ACAEACEE7DB9CE1,5AC8CE20B62DF98A05E92C181EA0B95A
316,5AC8CE20B62DF98A0ACAEACEE7DB9CE1,5AC8CE20B62DF98A4AAFC8A8034C15CA
317,5AC8CE20B62DF98A0ACAEACEE7DB9CE1,5AC8CE20B62DF98A4B1F9A9107C5D548
318,5AC8CE20B62DF98A01B7962FC2BBD064,5AC8CE20B62DF98A54AD0F870A406BFC
319,5AC8CE20B62DF98A01B7962FC2BBD064,5AC8CE20B62DF98A89CB5D43DD7AF757
320,5AC8CE20B62DF98A01B7962FC2BBD064,5AC8CE20B62DF98A1DD8F55F15B28FFB
321,5AC8CE20B62DF98A01B7962FC2BBD064,5AC8CE20B62DF98A4C5ED993B0E326CF
322,86C73CA6E4847265BF7D242027684EB8,86C73CA6E48472652881653CC4F86172
323,457020B7A3AAEB44D9D3C94699AE30EB,457020B7A3AAEB441B39B8215084D341
324,457020B7A3AAEB44D9D3C94699AE30EB,457020B7A3AAEB449FBBA50DAC5C7C76
325,457020B7A3AAEB44D9D3C94699AE30EB,457020B7A3AAEB44C62AB1B88B466725
326,457020B7A3AAEB44D9D3C94699AE30EB,457020B7A3AAEB4417D77FC5B1381A2E
327,457020B7A3AAEB44D9D3C94699AE30EB,457020B7A3AAEB4404AD32021B8DFEAC
328,457020B7A3AAEB44D9D3C94699AE30EB,457020B7A3AAEB448F3312E4D705C110
329,457020B7A3AAEB44D9D3C94699AE30EB,457020B7A3AAEB44EEF86F03CA92FC75
330,457020B7A3AAEB44D9D3C94699AE30EB,457020B7A3AAEB44E4527F550ABE927B
331,246CE36D3EB906DB46AED87D79A2FE25,246CE36D3EB906DB1B76878AF494185F
332,246CE36D3EB906DB46AED87D79A2FE25,246CE36D3EB906DBE1B7C2A46DA3BE93
333,CBB517961CECB27CFACE953EA90AE1DC,CBB517961CECB27CC4A25DCAB6193E9D
334,CBB517961CECB27CFACE953EA90AE1DC,CBB517961CECB27C9C8F422D4D4DBBED
335,8609CB94471AA9B6C4AABB9B20EA23B0,8609CB94471AA9B688E56044CDEC9B78
336,8609CB94471AA9B6C4AABB9B20EA23B0,8609CB94471AA9B6DF3B1B522E3222AF
337,8609CB94471AA9B6C4AABB9B20EA23B0,8609CB94471AA9B65249C3C455118936
338,7A57E25935FED4B61B84AA0905451400,7A57E25935FED4B6F88D46AF5DEA87CE
339,7A57E25935FED4B61B84AA0905451400,7A57E25935FED4B6609E8430C5B052B5
340,826984DBB7C428464C78B28979223F88,826984DBB7C428469C3D0C4AC03F23AF
341,826984DBB7C428464C78B28979223F88,826984DBB7C42846B2AAA54BA52B2A64
342,C84AC227BD63921A774AC27B3152351B,C84AC227BD63921AA300CA94EF8A6DCD
343,C84AC227BD63921A774AC27B3152351B,C84AC227BD63921A085BBC316605AA5E
344,2B70DC7FC6D727FE50D0453C91CE622A,2B70DC7FC6D727FE0721B434280707D3
345,2B70DC7FC6D727FE50D0453C91CE622A,2B70DC7FC6D727FE2B013D8BCCBFD57F
346,8609CB94471AA9B6321659E1932D0B33,8609CB94471AA9B6D897D057246D8E40
347,8609CB94471AA9B6321659E1932D0B33,8609CB94471AA9B6CF1CD21B35A5C49C
348,6BB71200415564E0AF906F0C40CD23DF,6BB71200415564E00E0C6054FF9DF9B0
349,6BB71200415564E0AF906F0C40CD23DF,6BB71200415564E0BB7D3B8A73D72D4E
350,6A8F27792B3E97060C884B4054514BF7,6A8F27792B3E9706DF2ACB0B11A31CF2
351,6A8F27792B3E97060C884B4054514BF7,6A8F27792B3E9706AC4B53CB3138233E
352,21E4F1EDE76FB1BC5B3627D9AD976A24,21E4F1EDE76FB1BCD4A62CE2FAE0DDA9
353,21E4F1EDE76FB1BC5B3627D9AD976A24,21E4F1EDE76FB1BCD96C7B3DF3C5D070
354,21E4F1EDE76FB1BC5B3627D9AD976A24,21E4F1EDE76FB1BC3389691BCDA3DD3A
355,033E7D088B8030FDB5CF3A4E0EBF097C,033E7D088B8030FD2B88875930B7CCA3
356,A9CFDFCE08B0670889075329432674FD,A9CFDFCE08B06708580140A77CFD105B
357,A9CFDFCE08B0670889075329432674FD,A9CFDFCE08B06708C575EFCBAF5F02CA
358,A9CFDFCE08B0670889075329432674FD,A9CFDFCE08B067084A30CDBB958C59B2
359,6BC786A9FB7E8B8A51103F84D1FF202B,6BC786A9FB7E8B8A9272A75F6C975378
360,6BC786A9FB7E8B8A51103F84D1FF202B,6BC786A9FB7E8B8AA2FC2CF561AE7A17
361,6BC786A9FB7E8B8A51103F84D1FF202B,6BC786A9FB7E8B8AFC7DA4955879D40B
362,2FD86C1B7A1ED71B8697F15DAE0B56D5,2FD86C1B7A1ED71B905E0513F3E7FBB6
363,2FD86C1B7A1ED71B8697F15DAE0B56D5,2FD86C1B7A1ED71BFD43A99B9D0DA825
364,2FD86C1B7A1ED71B8697F15DAE0B56D5,2FD86C1B7A1ED71BB2A797FE3F46BDCA
365,1E0C72AC51CF5EBEAB298DB2915733D4,1E0C72AC51CF5EBE64A84E309348EC5A
366,1E0C72AC51CF5EBEAB298DB2915733D4,1E0C72AC51CF5EBE1718E25E7E37A7B0
367,A9CFDFCE08B0670877814707AB8BC93B,A9CFDFCE08B067080D74FE8DB94E6468
368,A9CFDFCE08B0670877814707AB8BC93B,A9CFDFCE08B067084546B42870953B90
369,A9CFDFCE08B0670877814707AB8BC93B,A9CFDFCE08B06708440F1203EF5DC47E
370,18B72E1FFFEED6A11DE8D2B6D8975242,18B72E1FFFEED6A108C82A7D305E96AA
371,18B72E1FFFEED6A11DE8D2B6D8975242,18B72E1FFFEED6A162990CF853591528
372,7A57E25935FED4B6BE02D8653E137568,7A57E25935FED4B6441018B1D102BA71
373,7A57E25935FED4B6BE02D8653E137568,7A57E25935FED4B6A2A57BBC0D987E2E
374,6BB71200415564E0334D3A3E262A3BED,6BB71200415564E076BFF41262652DA0
375,6BB71200415564E0334D3A3E262A3BED,6BB71200415564E03180C1A63DF2C2D9
376,6BB71200415564E0334D3A3E262A3BED,6BB71200415564E0DCB738C0B9CCD08C
377,4588CB97B8AEEC96AE1E187FCDD78851,4588CB97B8AEEC9607CF25A9DB0D1D4B
378,4588CB97B8AEEC96AE1E187FCDD78851,4588CB97B8AEEC9626CFAB1B91B01955
379,6BB71200415564E03A2F916FF24DA2FE,6BB71200415564E0CEC7D90684455980
380,2CE7A8B727E8969D12A67D9C0C928FFC,2CE7A8B727E8969D0CA4982CF37403BC
381,2CE7A8B727E8969D12A67D9C0C928FFC,2CE7A8B727E8969D18026DB3C4F379D4
382,2CE7A8B727E8969D12A67D9C0C928FFC,2CE7A8B727E8969DA37BB36750963FA3
383,2CE7A8B727E8969D12A67D9C0C928FFC,2CE7A8B727E8969DD6A7559D57E76757
384,2CE7A8B727E8969D12A67D9C0C928FFC,2CE7A8B727E8969DE595B10C45726EC3
385,0292E4266C2A737F76019643CE2E0AC3,0292E4266C2A737F21F9E49A4E49749A
386,0292E4266C2A737F76019643CE2E0AC3,0292E4266C2A737F284EE9564D0FEA20
387,0292E4266C2A737F76019643CE2E0AC3,0292E4266C2A737F179B3B25970E4ADE
388,AE161A7AB1D01B4219ECF21FBBF58192,AE161A7AB1D01B42A6B41991EE006855
389,AE161A7AB1D01B4219ECF21FBBF58192,AE161A7AB1D01B42A1F08A2817FD3401
390,B3B4454BA852A40A1524AE6868253221,B3B4454BA852A40A8E56745CAE8EFFE0
391,B3B4454BA852A40A1524AE6868253221,B3B4454BA852A40AA0B800535682FF9B
392,A1B4A43FDBD3AACDE7CA901D1218183B,A1B4A43FDBD3AACD6AB15D17F9B3BC37
393,4588CB97B8AEEC9651F1368C155B7410,4588CB97B8AEEC962A4A9290B4E8B52B
394,F3AB5916A417E48E6ECA784F086F9FBD,F3AB5916A417E48E86B993B77A6CDC53
395,F3AB5916A417E48E6ECA784F086F9FBD,F3AB5916A417E48E5CFE83F60688FAEF
396,595D63CD0F60FED869EBC219362A28FD,595D63CD0F60FED81C57C456384D0031
397,595D63CD0F60FED869EBC219362A28FD,595D63CD0F60FED8156FBE339CD1CDA4
398,8609CB94471AA9B6FDCE79C57E99A869,8609CB94471AA9B6B3CDE08D66073C43
399,8609CB94471AA9B6FDCE79C57E99A869,8609CB94471AA9B6AAE823F3D54BDEF1
400,8609CB94471AA9B6FDCE79C57E99A869,8609CB94471AA9B60782AF949824F8EC
401,DE3681CD588BB5A7E23803D5B930B0E3,DE3681CD588BB5A7CE22B8E0BA9AD00D
402,DE3681CD588BB5A7E23803D5B930B0E3,DE3681CD588BB5A79C6F11757084BBFB
403,13C2D0DCE6FB5F5FC8248185D23F0817,13C2D0DCE6FB5F5F1F83CE58938EC4D7
404,13C2D0DCE6FB5F5FC8248185D23F0817,13C2D0DCE6FB5F5F0F1B6701020176DB
405,5F537522C722293B845B6E1D73FB414F,5F537522C722293B2C6078D7699E0970
406,5F537522C722293B845B6E1D73FB414F,5F537522C722293B3340483C6BF81B7C
407,710ED230A1404DE75231AEE78911DB2D,710ED230A1404DE70B967481A4BBA760
408,710ED230A1404DE75231AEE78911DB2D,710ED230A1404DE7AE81571534EC1498
409,72B79184FE8F276A394BABB4162C2B14,72B79184FE8F276A3229FC1559D0ABFB
410,2FC51BC0AB25E921233B75761B3C1EB4,2FC51BC0AB25E921C8BA40F9C8F48A3A
411,2FC51BC0AB25E921233B75761B3C1EB4,2FC51BC0AB25E92123473C6D32DA184F
412,2FC51BC0AB25E921233B75761B3C1EB4,2FC51BC0AB25E92121B895FD05121A92
413,70D48D03508236AF20B50C236116CF19,70D48D03508236AFE70FEDD86F8C9D15
414,70D48D03508236AF20B50C236116CF19,70D48D03508236AF46530FE67182A645
415,DE3681CD588BB5A728A000BC87ECCBDC,DE3681CD588BB5A7AC74D6F58BD09EC0
416,AC163D7A5128784D7A9E9EE952D0EDFD,AC163D7A5128784D42139EFA24010F47
417,AC163D7A5128784D7A9E9EE952D0EDFD,AC163D7A5128784D3D6660AC23E60997
418,AC163D7A5128784D7A9E9EE952D0EDFD,AC163D7A5128784DD263244D39E4AF63
419,AC163D7A5128784D7A9E9EE952D0EDFD,AC163D7A5128784D5D5341A6531387D0
420,AC163D7A5128784D7A9E9EE952D0EDFD,AC163D7A5128784DB52B47172221A462
421,CBB517961CECB27CCA03D605F9736390,CBB517961CECB27CD88BA47E50DF8AD2
422,CBB517961CECB27CCA03D605F9736390,CBB517961CECB27C2C767C6B127F149D
423,AC163D7A5128784D2BB2B21A968CBB29,AC163D7A5128784DE5FD6DBCD0821F1E
424,AC163D7A5128784D2BB2B21A968CBB29,AC163D7A5128784D3D460ABFD08E652E
425,A0E018B75B5A77775B585A50DF05B8FC,A0E018B75B5A77773D85BA2C427125FF
426,8F3EAC9171F405F400C96903C2377FB8,8F3EAC9171F405F45C240D484126A4E9
427,8F3EAC9171F405F400C96903C2377FB8,8F3EAC9171F405F45615B2D56F6CDC0E
428,8F3EAC9171F405F400C96903C2377FB8,8F3EAC9171F405F4A24AED5B69A5C4A0
429,F8BAE76E47971E387C63F6037790D628,F8BAE76E47971E38C37EE47E3D98B860
430,F8BAE76E47971E387C63F6037790D628,F8BAE76E47971E38EDB742DAC3D77B69
431,8609CB94471AA9B65828C9D3B13E8DB3,8609CB94471AA9B6409554CB39A2F569
432,8609CB94471AA9B65828C9D3B13E8DB3,8609CB94471AA9B6C604DA665FD79BBA
433,8609CB94471AA9B65828C9D3B13E8DB3,8609CB94471AA9B62BDDB729D09E9A92
434,8609CB94471AA9B65828C9D3B13E8DB3,8609CB94471AA9B66A52A9EA5004DE39
435,FA41FCCF33B10EBDB4E188263BC10BDC,FA41FCCF33B10EBD44A3CF59299EF60A
436,F3AB5916A417E48E2212DCACED2EF626,F3AB5916A417E48E7424159027342E45
437,F3AB5916A417E48E2212DCACED2EF626,F3AB5916A417E48EF7E9AB55889E82E9
438,F3AB5916A417E48E2212DCACED2EF626,F3AB5916A417E48EA6856E57B34221E4
439,F3AB5916A417E48E2212DCACED2EF626,F3AB5916A417E48E015385ADAE3D4FF5
440,F3AB5916A417E48E2212DCACED2EF626,F3AB5916A417E48E1D49B4A2883FF4A2
441,F3AB5916A417E48E2212DCACED2EF626,F3AB5916A417E48EA57F8346D3CF6654
442,F3AB5916A417E48E2212DCACED2EF626,F3AB5916A417E48E5647294FCBDF3D2A
443,F3AB5916A417E48E2212DCACED2EF626,F3AB5916A417E48E63C5B3475DF309AF
444,F3AB5916A417E48E2212DCACED2EF626,F3AB5916A417E48E9F90AE18D3103D8C
445,F3AB5916A417E48E2212DCACED2EF626,F3AB5916A417E48E45578995B25B17C1
446,F3AB5916A417E48E2212DCACED2EF626,F3AB5916A417E48E9F13A902C0F161C6
447,F3AB5916A417E48E2212DCACED2EF626,F3AB5916A417E48E82C47E9687094FC0
448,8A986562EB0E5D40C7B6C77848D4389F,8A986562EB0E5D4023123693C26C4F26
449,7CC9A2BE7BDF81FA9B76889738FAE519,7CC9A2BE7BDF81FAD7D9F5DADA051B64
450,7CC9A2BE7BDF81FA9B76889738FAE519,7CC9A2BE7BDF81FA4018CB74314A05D6
451,5CD4170FD3202C700D68A6B27EAFE846,5CD4170FD3202C7057F5FC1763F86524
452,3255E390BCC698228D75DD1FC2C7400A,3255E390BCC69822A2ED94B9380DEE0A
453,3255E390BCC698228D75DD1FC2C7400A,3255E390BCC698220F286019B5382130
454,84A3A11E81B3A20703201767306E0B7E,84A3A11E81B3A2073DBEFC59DC69DE3A
455,84A3A11E81B3A20703201767306E0B7E,84A3A11E81B3A2078E3B2444112639AB
456,84A3A11E81B3A20703201767306E0B7E,84A3A11E81B3A207789B8365DA4032E8
457,8F3EAC9171F405F4D5CBECA7D12F9282,8F3EAC9171F405F453CEFDA4E465A7B9
458,8F3EAC9171F405F4D5CBECA7D12F9282,8F3EAC9171F405F47E986F8520E1A90A
459,E568601951AA387840852AA860BF265B,E568601951AA387881B03DBD1A8B3760
460,E568601951AA387840852AA860BF265B,E568601951AA3878016340BA56F6FB4F
461,5AC8CE20B62DF98A2BB6E4C9A9540AF3,5AC8CE20B62DF98A91E64CD60D125F3B
462,5AC8CE20B62DF98A2BB6E4C9A9540AF3,5AC8CE20B62DF98AAA9853BB2050B551
463,5AC8CE20B62DF98A2BB6E4C9A9540AF3,5AC8CE20B62DF98A17ED34D06B55D457
464,5AC8CE20B62DF98A2BB6E4C9A9540AF3,5AC8CE20B62DF98A1FE8B0F8A35C8976
465,41D2DFB41BC105B326B5ACAB6DE6FB48,41D2DFB41BC105B36CEA5CEE6F49E615
466,41D2DFB41BC105B326B5ACAB6DE6FB48,41D2DFB41BC105B3C031AA3002A103A4
467,5CD4170FD3202C70992D2C0792C19EFC,5CD4170FD3202C701C86E85B0C44EFD0
468,5CD4170FD3202C70992D2C0792C19EFC,5CD4170FD3202C70FD57FF55F63772AE
469,5CD4170FD3202C70992D2C0792C19EFC,5CD4170FD3202C70365890BF36A3C428
470,0120B1AE224A2DF6387AC3B07F3099AC,0120B1AE224A2DF677C43D29750F8C67
471,0120B1AE224A2DF6387AC3B07F3099AC,0120B1AE224A2DF6277F1204BE52202B
472,7C95A9A07BA99A8851DC41CEC06ED326,7C95A9A07BA99A88E5CB45B2FA051414
473,7C95A9A07BA99A8851DC41CEC06ED326,7C95A9A07BA99A8821209E6D6A77520A
474,7C95A9A07BA99A8851DC41CEC06ED326,7C95A9A07BA99A884BDAF96DE2A4555B
475,97ABC8671968F8D3798BF054671FA326,97ABC8671968F8D3815D94BCFE17B759
476,97ABC8671968F8D3798BF054671FA326,97ABC8671968F8D3692F64C37FFD2BEB
477,AC163D7A5128784D902E1A656F1321AA,AC163D7A5128784D7927B79FA6C7E0AE
478,AC163D7A5128784D902E1A656F1321AA,AC163D7A5128784D48521E5A9669708F
479,AC163D7A5128784D902E1A656F1321AA,AC163D7A5128784D43F0393355D6E9D2
480,E07A3BCFC8AB4FAD38349F407244BEA3,E07A3BCFC8AB4FAD18E55252BA93157D
481,E07A3BCFC8AB4FAD38349F407244BEA3,E07A3BCFC8AB4FAD2E411C082658FA2D
482,F3AB5916A417E48EB99A98707FD52A7F,F3AB5916A417E48EC6BE505657978751
483,F3AB5916A417E48EB99A98707FD52A7F,F3AB5916A417E48E86C9C9DF0058D01B
484,F3AB5916A417E48EB99A98707FD52A7F,F3AB5916A417E48E6B28CF7F2781473E
485,F3AB5916A417E48EB99A98707FD52A7F,F3AB5916A417E48ED4D60498B465507F
486,50AAFD4DDABFFDD60DC87A5C4218C302,50AAFD4DDABFFDD64CEBBBF6D48E58E7
487,50AAFD4DDABFFDD60DC87A5C4218C302,50AAFD4DDABFFDD6B23BFB69CBA73A2F
488,623E1EA9569FAEB998A69372E7B6994F,623E1EA9569FAEB914FA2416B2F4DA25
489,623E1EA9569FAEB998A69372E7B6994F,623E1EA9569FAEB9A42EB5FBF6096D34
490,623E1EA9569FAEB998A69372E7B6994F,623E1EA9569FAEB9E3F6B850F6EFB386
491,3255E390BCC6982211939E62B134935F,3255E390BCC698220F251F2F5AB40F30
492,536FDA86F72AAB9D07EE57BE26EC3A11,536FDA86F72AAB9DB3E5B4FD48E1D71C
493,536FDA86F72AAB9D07EE57BE26EC3A11,536FDA86F72AAB9D8ACBBC4B6349B579
494,536FDA86F72AAB9D07EE57BE26EC3A11,536FDA86F72AAB9D13C6000A60150E57
495,536FDA86F72AAB9D07EE57BE26EC3A11,536FDA86F72AAB9D774EA072C84FD9FF
496,41D2DFB41BC105B34EE89F829193A87F,41D2DFB41BC105B3518137DC03D96388
497,41D2DFB41BC105B34EE89F829193A87F,41D2DFB41BC105B305AA58CE694D4BDF
498,41D2DFB41BC105B34EE89F829193A87F,41D2DFB41BC105B3BE06CC44C1C23D26
499,41D2DFB41BC105B34EE89F829193A87F,41D2DFB41BC105B3E00CC254AA7334B3
500,D35BD56D078B8BAF0ED40A2AE87C832A,D35BD56D078B8BAF40E5973809951C25
501,D35BD56D078B8BAF0ED40A2AE87C832A,D35BD56D078B8BAFB7B5A1837D071209
502,D35BD56D078B8BAF0ED40A2AE87C832A,D35BD56D078B8BAF1DA7A4EFA7F4E0A2
503,1F145C94054D5FF4D66ECD1307D11B77,1F145C94054D5FF4FB338E77AC01024F
504,4EE8CCE55FAC6A415E3309740A09CC00,4EE8CCE55FAC6A4183FDEEA4E812C0AC
505,4EE8CCE55FAC6A415E3309740A09CC00,4EE8CCE55FAC6A41498D775FDD6451EF
506,4EE8CCE55FAC6A415E3309740A09CC00,4EE8CCE55FAC6A413EB91C16C9FC2ADC
507,E6194ABB0ECA3556E334DB1A64152F16,E6194ABB0ECA3556444203ADED2704F7
508,E6194ABB0ECA3556E334DB1A64152F16,E6194ABB0ECA3556690074DDBFA49D88
509,8F3EAC9171F405F4732B5D2A4D491004,8F3EAC9171F405F464FC24B364C8CB4F
510,8F3EAC9171F405F4732B5D2A4D491004,8F3EAC9171F405F42021F4CE4A832D75
511,8F3EAC9171F405F4732B5D2A4D491004,8F3EAC9171F405F4822B6C8FA170F465
512,33956EC417CF46B46E47BE43CD7ED4EC,33956EC417CF46B4F3FF57FFA1516150
513,33956EC417CF46B46E47BE43CD7ED4EC,33956EC417CF46B4EE3ECA5BEC04D439
514,33956EC417CF46B46E47BE43CD7ED4EC,33956EC417CF46B4E1DFE7A0A74398AD
515,536FDA86F72AAB9D3808A0A1DEBAFDFC,536FDA86F72AAB9D16CBA43FC7FED12A
516,536FDA86F72AAB9D3808A0A1DEBAFDFC,536FDA86F72AAB9D6E58BD2DADC7B673
517,536FDA86F72AAB9D3808A0A1DEBAFDFC,536FDA86F72AAB9D1C88E060307F79F4
518,536FDA86F72AAB9D3808A0A1DEBAFDFC,536FDA86F72AAB9D536E3A1B68C41A5A
519,7C3F449636EBEAE1FC52D0DE92CFC2F1,7C3F449636EBEAE1378213C1ACC77CCD
520,7C3F449636EBEAE1FC52D0DE92CFC2F1,7C3F449636EBEAE125A434504B0D59DC
521,54DBD258076E87A0397D8748D1405C39,54DBD258076E87A0D3629F7C62940B22
522,54DBD258076E87A0397D8748D1405C39,54DBD258076E87A08A2ACAF3A63B2B2C
523,49474F673849E1C31FC953AD7A8341CB,49474F673849E1C3AE19A28B9F0AA58D
524,49474F673849E1C31FC953AD7A8341CB,49474F673849E1C3C3F81EE956B385F0
525,E07A3BCFC8AB4FAD8AB77E179A35100A,E07A3BCFC8AB4FADFA38CD61FDA05F47
526,E07A3BCFC8AB4FAD8AB77E179A35100A,E07A3BCFC8AB4FAD1B0F39981489AAA4
527,E07A3BCFC8AB4FAD8AB77E179A35100A,E07A3BCFC8AB4FAD277AB0945C47FC5E
528,F529A49632043483CEB674209CB29F44,F529A4963204348315C5624F09FF707D
529,F529A49632043483CEB674209CB29F44,F529A496320434833F907D4F54152272
530,F544C07D193E060769777C63F2381F06,F544C07D193E0607EB75D71F4FAF1775
531,F544C07D193E060769777C63F2381F06,F544C07D193E0607F479F5DD92DBC1F2
532,F544C07D193E060769777C63F2381F06,F544C07D193E0607BABE73612409CD5D
533,4EA3A1FD45F36A33234837918B3A3720,4EA3A1FD45F36A33E58D6C29E7FCDFA9
534,4EA3A1FD45F36A33234837918B3A3720,4EA3A1FD45F36A33BB0E12E1FFD67FB2
535,E8F1C0CE6B187271E3A09627F8616BE6,E8F1C0CE6B187271B46FE029DB3DD4FB
536,BB3FB34796C605EA0F286835B74C6357,BB3FB34796C605EA36D7C61578CCA8F0
537,BB3FB34796C605EA0F286835B74C6357,BB3FB34796C605EA053C5806F320DA6C
538,F29BA034EC3DA14BAE3FECC068DCFB51,F29BA034EC3DA14BA1818BA8521718EC
539,F29BA034EC3DA14BAE3FECC068DCFB51,F29BA034EC3DA14BDCE958B4795A4DDA
540,FC440AF901A612D7CC8BB2B6F7256599,FC440AF901A612D7A49F8C4CD861DF53
541,FC440AF901A612D7CC8BB2B6F7256599,FC440AF901A612D76ADD1FA886445B81
542,CBB517961CECB27C4C2D1B9794DF1892,CBB517961CECB27C0B77A8D77A2DB89B
543,B01285E5DE7F5F4653C0F22F43641EFF,B01285E5DE7F5F4638E74DEA4D493A6E
544,B01285E5DE7F5F4653C0F22F43641EFF,B01285E5DE7F5F46949D82E0D8A7857A
545,B01285E5DE7F5F4653C0F22F43641EFF,B01285E5DE7F5F46FD074DA3F09E7C31
546,2B70DC7FC6D727FE66A59FB01964B2A6,2B70DC7FC6D727FEF958F685510C3BFB
547,2B70DC7FC6D727FE66A59FB01964B2A6,2B70DC7FC6D727FE33004DF4FDF15B30
548,2B70DC7FC6D727FE66A59FB01964B2A6,2B70DC7FC6D727FE8A4BBE57A3F91461
549,08A06AB7A6A46D545CAFD4F3291FFEE9,08A06AB7A6A46D54631BA008FB0AAF05
550,08A06AB7A6A46D545CAFD4F3291FFEE9,08A06AB7A6A46D54DA8EF0DC82FFEBB3
551,C23C9134D2D8B47006C56F2ABF54072D,C23C9134D2D8B4703F64E9D98EBC50B9
552,C23C9134D2D8B47006C56F2ABF54072D,C23C9134D2D8B470ABBBCE7601E73D9C
553,F544C07D193E0607EC9EFEA55331F6CA,F544C07D193E0607C425B06C8B5F2D9C
554,F544C07D193E0607EC9EFEA55331F6CA,F544C07D193E0607D94985FDC1AA15F2
555,DE3681CD588BB5A79EC00790D5AD510B,DE3681CD588BB5A769059E29A2676D91
556,DE3681CD588BB5A79EC00790D5AD510B,DE3681CD588BB5A792C291A3B19B9741
557,DE3681CD588BB5A79EC00790D5AD510B,DE3681CD588BB5A74CAE583DD34832CB
558,648BD846474E7B852583224A2F5F27F4,648BD846474E7B854356A078989FB243
559,648BD846474E7B852583224A2F5F27F4,648BD846474E7B85B06FB4116C688B80
560,648BD846474E7B852583224A2F5F27F4,648BD846474E7B85A9CAD0DF0A5F712B
561,648BD846474E7B852583224A2F5F27F4,648BD846474E7B85FCDD266AE3E983B0
562,DE3681CD588BB5A7D0FC0AA388C5CE97,DE3681CD588BB5A776F2D37C873010BA
563,DE3681CD588BB5A7D0FC0AA388C5CE97,DE3681CD588BB5A7B3C9546AC71C4DAE
564,DE3681CD588BB5A7D0FC0AA388C5CE97,DE3681CD588BB5A771F03E6219665F42
565,F94B6E1D2B3A188CEAB857624D361255,F94B6E1D2B3A188CB54C147881CDA3B8
566,F94B6E1D2B3A188CEAB857624D361255,F94B6E1D2B3A188CA1F2241176ABF5C89CE623E7D373FD21
567,70D48D03508236AFDA1628D52E86810F,70D48D03508236AF8EB497DAF03D4036
568,70D48D03508236AFDA1628D52E86810F,70D48D03508236AF06F376F43B9E787B
569,70D48D03508236AFDA1628D52E86810F,70D48D03508236AFA60F56C45E01802D
570,3BAF3198C0944D37B6C61EF4F19022FA,3BAF3198C0944D37C011E4BA2AF25F9E
571,3BAF3198C0944D37B6C61EF4F19022FA,3BAF3198C0944D37574D2F7CC78C86BC
572,3BAF3198C0944D37B6C61EF4F19022FA,3BAF3198C0944D37F86E879EF90E6C1A
573,3BAF3198C0944D37B6C61EF4F19022FA,3BAF3198C0944D37A0EDDB640C3FC599
574,AC163D7A5128784DC71350746B7771E5,AC163D7A5128784D0F9481A9203552D8
575,AC163D7A5128784DC71350746B7771E5,AC163D7A5128784DAED264A78FB1FA55
576,AC163D7A5128784DC71350746B7771E5,AC163D7A5128784DF68146688B566313
577,AC163D7A5128784DC71350746B7771E5,AC163D7A5128784DE65B6C31BF4D2E94
578,AC163D7A5128784DC71350746B7771E5,AC163D7A5128784D5612238BA50BBAC9
579,AC163D7A5128784DC71350746B7771E5,AC163D7A5128784DBA2F620F8C9BE671
580,AF1CCED6D686DB7A38749E3017C7FEC7,AF1CCED6D686DB7AADE7EE83B8FEE57E
581,27759AA696B692BD6251163F3472B7A6,27759AA696B692BDA56AA656E1889283
582,27759AA696B692BD6251163F3472B7A6,27759AA696B692BD140E395F79F6D6C2
583,4A80B89CADAE1CCFC8DD63A53D1E31B1,4A80B89CADAE1CCFAB9E6954FFEA9E8C
584,4A80B89CADAE1CCFC8DD63A53D1E31B1,4A80B89CADAE1CCF9791B456CFFA4992
585,4A80B89CADAE1CCFC8DD63A53D1E31B1,4A80B89CADAE1CCFD43A5E62E9D7DB13
586,4A80B89CADAE1CCFC8DD63A53D1E31B1,4A80B89CADAE1CCFBEE0F82A51356910
587,A72A7408C1DC984B1B584D20FB11ED4A,A72A7408C1DC984BAB2B31396672388D
588,A72A7408C1DC984B1B584D20FB11ED4A,A72A7408C1DC984B9762F0999B8D2A54
589,A72A7408C1DC984B1B584D20FB11ED4A,A72A7408C1DC984BF1E2FFB1B2FBA9B2
590,A72A7408C1DC984B1B584D20FB11ED4A,A72A7408C1DC984BEBD5AFFF757A8A09
591,A72A7408C1DC984B1B584D20FB11ED4A,A72A7408C1DC984B109366794404A35F
592,A72A7408C1DC984B1B584D20FB11ED4A,A72A7408C1DC984BDFC7931E0DD0BE2F
593,8609CB94471AA9B69BD7D641BECED2FD,8609CB94471AA9B6CD8DF9C817557B82
594,8609CB94471AA9B69BD7D641BECED2FD,8609CB94471AA9B61200D189FB6A6748
595,E7F46E970398AA9688D3E4E234195FB8,E7F46E970398AA96C75EA7DEA4307A3C
596,E7F46E970398AA9688D3E4E234195FB8,E7F46E970398AA9653990819AA167A93
597,F3E34C08C5C84F5A5BA00FF912A81C32,F3E34C08C5C84F5A6F13DEC71BF39B94
598,F3E34C08C5C84F5A5BA00FF912A81C32,F3E34C08C5C84F5A1A9819A565F27C6B
599,F3E34C08C5C84F5A5BA00FF912A81C32,F3E34C08C5C84F5A3CE660ABA18D72B4
600,F3E34C08C5C84F5A5BA00FF912A81C32,F3E34C08C5C84F5AAE72D2A18956C3A2
601,A9C4EA6459B5C415137212415C4FCD7E,A9C4EA6459B5C4153EB2EF03BB5B49DE
602,3255E390BCC6982229DA1EEBBC3F33F4,3255E390BCC698227CF1CFE9C5833399
603,3255E390BCC6982229DA1EEBBC3F33F4,3255E390BCC6982271AD3BA54199CDB8
604,E2A716AB41E0EE91FC345DA8CFC90519,E2A716AB41E0EE91EF1ACD5C02DDC21E
605,E2A716AB41E0EE91FC345DA8CFC90519,E2A716AB41E0EE91413D3E895C240B10
606,E2A716AB41E0EE91FC345DA8CFC90519,E2A716AB41E0EE911A4E36A570CEEA3E
607,70D48D03508236AF80A33AFF7B6F6EFE,70D48D03508236AF5376BC54774E70DB
608,70D48D03508236AF80A33AFF7B6F6EFE,70D48D03508236AF247CC53DD554DE2A
609,2B70DC7FC6D727FEC9F718DF9AC03379,2B70DC7FC6D727FE4AC9BB4D43BE60B1
610,2B70DC7FC6D727FEC9F718DF9AC03379,2B70DC7FC6D727FEF1F578CE74129369
611,2B70DC7FC6D727FEC9F718DF9AC03379,2B70DC7FC6D727FE2A1AEB75F01D6D23
612,0120B1AE224A2DF69EEB95EBC79139AC,0120B1AE224A2DF66156036F99A9DB6F
613,0120B1AE224A2DF69EEB95EBC79139AC,0120B1AE224A2DF6DC2560626F29CFF9
614,F3AB5916A417E48EA35BB5CFC643D0F1,F3AB5916A417E48ECB69625761D85B49
615,F3AB5916A417E48EA35BB5CFC643D0F1,F3AB5916A417E48E37C4D18896C53EFD
616,F3AB5916A417E48EA35BB5CFC643D0F1,F3AB5916A417E48EB69205CEAEA8C8FA
617,50AAFD4DDABFFDD6E1A618E4C72D1F49,50AAFD4DDABFFDD61D3BD4E5434D3CF2
618,50AAFD4DDABFFDD6E1A618E4C72D1F49,50AAFD4DDABFFDD6DAA60E7F4C351221
619,A72A7408C1DC984BBB9C8836BEA651BA,A72A7408C1DC984B151C83936CDE99A8
620,A72A7408C1DC984BBB9C8836BEA651BA,A72A7408C1DC984BF7682F504B818BE9
621,7A57E25935FED4B6149B86982CE7D463,7A57E25935FED4B6F0C7C77E79AD9BD8
622,7A57E25935FED4B6149B86982CE7D463,7A57E25935FED4B66F64A8A172B25F27
623,8609CB94471AA9B6D4FF6A1916E25FFB,8609CB94471AA9B6AA17950C6A42D597
624,7C590086F6D01CADCDA91435184DC7EA,7C590086F6D01CADDD77DECAAB947E38
625,7C590086F6D01CADCDA91435184DC7EA,7C590086F6D01CAD73B43891195C7F20
626,986D7C1B7EBB336F63881A93FA03D74A,986D7C1B7EBB336F33AE935A270ACAD1
627,986D7C1B7EBB336F63881A93FA03D74A,986D7C1B7EBB336F0C374A1F56986EEB
628,4B8C0090E591106D681B09A520FD61A9,4B8C0090E591106D3D662AD4E946A153
629,006DD9253AB5C1E96DC1F159814555A2,006DD9253AB5C1E9E87FC7633D0E0D10
630,006DD9253AB5C1E96DC1F159814555A2,006DD9253AB5C1E977842D8ED6D54CBE
631,006DD9253AB5C1E96DC1F159814555A2,006DD9253AB5C1E982F338A8698A6318
632,607D7BE39E8B49740F400BCC20D88A0C,607D7BE39E8B4974009912F4FE01E770
633,2CE7A8B727E8969DD0D3A4C694C69DBE,2CE7A8B727E8969DB45196A8744D5EB8
634,2CE7A8B727E8969DD0D3A4C694C69DBE,2CE7A8B727E8969DC0091C6626A6ED20
635,2CE7A8B727E8969DD0D3A4C694C69DBE,2CE7A8B727E8969D5F2F11CA03CABA2A
636,607D7BE39E8B49742CC6F298FD323074,607D7BE39E8B49747D39AE6FCF4A62C3
637,13C2D0DCE6FB5F5FE00729C5F53920C6,13C2D0DCE6FB5F5F21A4581834E0CE6F
638,068E652C488E6D01151B4980924F858E,068E652C488E6D015B2FD0AC61C0F26F
639,068E652C488E6D01151B4980924F858E,068E652C488E6D01E599293424AF0A5C
640,8F3EAC9171F405F4214937767A475EA5,8F3EAC9171F405F465BC2187E4301E31
641,8F3EAC9171F405F4214937767A475EA5,8F3EAC9171F405F4C7B47AF0A689E385
642,8F3EAC9171F405F4214937767A475EA5,8F3EAC9171F405F4C7C2866E8258E59D
643,4D34FB6395721636CB120C5AD920FCAE,4D34FB6395721636A6FF730AB17DACC9
644,4D34FB6395721636CB120C5AD920FCAE,4D34FB63957216362DC69DCE465118FB
645,661B669BFE73BF30169ABBE50287B5D4,661B669BFE73BF3011901B209170EF71
646,8B7D5BB61175D20FA31EC84D620EDC08,8B7D5BB61175D20F04AA3B1F8EE86F73
647,8B7D5BB61175D20FA31EC84D620EDC08,8B7D5BB61175D20FC5C60BD561364DEF
648,8B7D5BB61175D20FA31EC84D620EDC08,8B7D5BB61175D20F312C73EB67B202BF
649,8B7D5BB61175D20FA31EC84D620EDC08,8B7D5BB61175D20F0BA5F1615DA6A0B1
650,8609CB94471AA9B68190F5F7BEA6445E,8609CB94471AA9B632366DC341456B5B
651,1DCC00CE2B7896837C35BEC36F1DD2E3,1DCC00CE2B789683EE830529E2805DFA
652,1DCC00CE2B7896837C35BEC36F1DD2E3,1DCC00CE2B789683D9E0147036788ACC
653,1DCC00CE2B7896837C35BEC36F1DD2E3,1DCC00CE2B789683D6C3F48C59D174CE
654,3BAF3198C0944D375FEBAF4E75DCF6B0,3BAF3198C0944D37B158C38716A8112A
655,3BAF3198C0944D375FEBAF4E75DCF6B0,3BAF3198C0944D37D2AF106639369E96
656,3BAF3198C0944D375FEBAF4E75DCF6B0,3BAF3198C0944D379243873D9DF9D479
657,3BAF3198C0944D375FEBAF4E75DCF6B0,3BAF3198C0944D3749E8C179928D1550
658,3BAF3198C0944D375FEBAF4E75DCF6B0,3BAF3198C0944D378573D68CB5D41B5A
659,2EE2020EF2CF8ACD5E41FA6C7C8A730D,2EE2020EF2CF8ACD12FEAF9CFAF7523B
660,2EE2020EF2CF8ACD5E41FA6C7C8A730D,2EE2020EF2CF8ACD10EA1A0BBCEC62AE
661,7C590086F6D01CAD435A8739D0C8973E,7C590086F6D01CAD31B5C0C9850E5D16
662,7C590086F6D01CAD435A8739D0C8973E,7C590086F6D01CAD5FEF42AF62F756CF
663,A23FE7B85E1D483B2D1AD97C36CFA198,A23FE7B85E1D483B6F30A3F4B111D013
664,A23FE7B85E1D483B2D1AD97C36CFA198,A23FE7B85E1D483B9BC63D7AD936DC55
665,F3AB5916A417E48E34210582D4D9DA0A,F3AB5916A417E48EAAECF05AF0ABB2E8
666,F3AB5916A417E48E34210582D4D9DA0A,F3AB5916A417E48E9BDE00A9E72D55F9
667,F3AB5916A417E48E34210582D4D9DA0A,F3AB5916A417E48E4CE8B15104CA82CA
668,F3AB5916A417E48E34210582D4D9DA0A,F3AB5916A417E48EB2230FACDC937A61
669,BB3FB34796C605EA352DB3CEC6FDEDA9,BB3FB34796C605EA2260398571C45ACE
670,BB3FB34796C605EA352DB3CEC6FDEDA9,BB3FB34796C605EA21C75B5F228348B8
671,9A88B06566B351E29C10A72FC7E92191,9A88B06566B351E2C64827B89AFAAD34
672,9A88B06566B351E29C10A72FC7E92191,9A88B06566B351E2C0CE5AEE49091E9C
673,4DD62AE0499709BCDE394F109B1D3E41,4DD62AE0499709BC30B5372BF80F5D120058BEF81D527C97
674,4DD62AE0499709BCDE394F109B1D3E41,4DD62AE0499709BC5B33ACD83C972E3AD18065A2CAAECED5
675,4DD62AE0499709BCDE394F109B1D3E41,4DD62AE0499709BC2238873B477FB78C80EFE2FAFB79F85C
676,4DD62AE0499709BCDE394F109B1D3E41,4DD62AE0499709BC4023AADFAEC2C07BF9FE8447A0397886
677,4DD62AE0499709BCDE394F109B1D3E41,4DD62AE0499709BC91D1447E45932F79C0324BB00E006558
678,4DD62AE0499709BCDE394F109B1D3E41,4DD62AE0499709BCE39FC6D22B7F320577A147CEF055631C
679,DE3681CD588BB5A72175506922634B8E,DE3681CD588BB5A70D8D8F7341A5945E
680,DE3681CD588BB5A72175506922634B8E,DE3681CD588BB5A7F7F8C36CE2C48A50
681,9B4FA784190C914A473A76350624684B,9B4FA784190C914A0A46F1CAD1C34042
682,9B4FA784190C914A473A76350624684B,9B4FA784190C914A0FFBB63CCBAA70FE
683,9B4FA784190C914A473A76350624684B,9B4FA784190C914A19830C2348DDCEE0
684,FFFCDA5F7E01081031E716EA7E36B708,FFFCDA5F7E010810D95A2F1541B5E34A
685,FFFCDA5F7E01081031E716EA7E36B708,FFFCDA5F7E0108109982D3B07ECC199A
686,A5AAC0C10336F8125750CE1BDEB8A8CE,A5AAC0C10336F812F75A737F70206974
687,A5AAC0C10336F8125750CE1BDEB8A8CE,A5AAC0C10336F812DD26D1622DD3224F
688,A5AAC0C10336F8125750CE1BDEB8A8CE,A5AAC0C10336F8129F8C675D85C4E818
689,9FB7D80270AAB72D5ECD3EEFB91F83CB,9FB7D80270AAB72DEB5C8E70775F3B6B
690,9FB7D80270AAB72D5ECD3EEFB91F83CB,9FB7D80270AAB72DC8B42401A13F4C28
691,7A57E25935FED4B6A398A847E584A560,7A57E25935FED4B6A0C66B6D0AB8194A
692,7A57E25935FED4B6A398A847E584A560,7A57E25935FED4B6257707748CA1A1F6
693,4DD62AE0499709BC075A28BAB48E4B04,4DD62AE0499709BCF8194C19724BF560F0AFE16534C5B1C3
694,4DD62AE0499709BC075A28BAB48E4B04,4DD62AE0499709BCA670D301CA16DD04F658D2413A84008F
695,E312BAED4006540650C2A00F748E3553,E312BAED4006540649AC047CFE219617
696,8F3EAC9171F405F472F74B69536E7178,8F3EAC9171F405F4E65E1C213705731D
697,8F3EAC9171F405F472F74B69536E7178,8F3EAC9171F405F4E1111E33E8FBE96D
698,8F3EAC9171F405F472F74B69536E7178,8F3EAC9171F405F4044A145E8C5CF2E7
699,8F3EAC9171F405F41859F6CDFED36A7B,8F3EAC9171F405F44C7391D7018CA876
700,8F3EAC9171F405F41859F6CDFED36A7B,8F3EAC9171F405F4C156AA88FD972C91
701,8F3EAC9171F405F41859F6CDFED36A7B,8F3EAC9171F405F45D174B1E05364F82
702,661B669BFE73BF3050D96586AACF0887,661B669BFE73BF3005E8D03BB049C37C
703,86716576A77900D110E472D869DDAE05,86716576A77900D1F19B695AFB0C8D8A
704,86716576A77900D110E472D869DDAE05,86716576A77900D161CF16F9506BAC66
705,3BAF3198C0944D376C199DCEC75CF42D,3BAF3198C0944D375BA107D0AB6C9E6E
706,3BAF3198C0944D376C199DCEC75CF42D,3BAF3198C0944D379EA530F9241F09F3
707,3BAF3198C0944D376C199DCEC75CF42D,3BAF3198C0944D376CDC77A344511A0D
708,AC700F82BE361D1621215AF8EC2A056A,AC700F82BE361D16B18B84F7B974A165
709,AC700F82BE361D1621215AF8EC2A056A,AC700F82BE361D1683A23BFCF46F9B4E
710,D2F377249E571A963913B41CD3400848,D2F377249E571A96177F1ED4001E0608
711,D2F377249E571A963913B41CD3400848,D2F377249E571A961639BD682AC32478
712,E6194ABB0ECA35565973B53FCEF6F5DB,E6194ABB0ECA3556E05889005481E661
713,E6194ABB0ECA35565973B53FCEF6F5DB,E6194ABB0ECA355675989926FF464351
714,9727FC0EA894BD879796BFC7DEB13F33,9727FC0EA894BD876EB813493DDA2E67
715,9727FC0EA894BD879796BFC7DEB13F33,9727FC0EA894BD876039BDD863FEA2B3
716,5D1BBF77DB3C223F9CAE1A63825B3BD1,5D1BBF77DB3C223F6C39E1D8F2EDC3E9
717,5D1BBF77DB3C223F9CAE1A63825B3BD1,5D1BBF77DB3C223F767258B03693F9E1
718,2A6045384F72F941786A2F2A7AD6B09E,2A6045384F72F9416C44D5C84C5AA6F5
719,81873C5343557B55D4C68909C604D707,81873C5343557B552983754C69791526
720,81873C5343557B55D4C68909C604D707,81873C5343557B55CCA970B6C9EDDF6E
721,81873C5343557B55D4C68909C604D707,81873C5343557B558D9FDF8648160FD6
722,81873C5343557B55D4C68909C604D707,81873C5343557B558D941C6ADA90A698
723,81873C5343557B55D4C68909C604D707,81873C5343557B55EE484461E26D0EF1
724,BF38658A0D7F8A1B1BE93889857F7BAF,BF38658A0D7F8A1B16FC8DFFBBDC0822
725,BF38658A0D7F8A1B1BE93889857F7BAF,BF38658A0D7F8A1B1313C355BFF046B7
726,8609CB94471AA9B66D4F2106E0E109FA,8609CB94471AA9B6AA7326400A26B2BC
727,8609CB94471AA9B66D4F2106E0E109FA,8609CB94471AA9B6D42D31EAA289CBCC
728,AE161A7AB1D01B42E82C32EF48864962,AE161A7AB1D01B42A5E2767C0D2EF0E1
729,9AE0E06952A9378719188E264F0CA994,9AE0E06952A93787331DEB659BC9DF9A
730,9AE0E06952A9378719188E264F0CA994,9AE0E06952A93787CD8132E83E451E37
731,9AE0E06952A9378719188E264F0CA994,9AE0E06952A9378753C50AFDF68372B7
732,18B72E1FFFEED6A15E5A6435EA7EAE7F,18B72E1FFFEED6A11FEC0A8087ED8D20
733,2FD86C1B7A1ED71BAB659454744886B9,2FD86C1B7A1ED71B986EA784C7A52FC3
734,7A57E25935FED4B6A28290328376F891,7A57E25935FED4B63AD1BC14979E55D3
735,7A57E25935FED4B6A28290328376F891,7A57E25935FED4B6F213BA570B3DCD62
736,F82C78EC6B17ED8C906376DB63F0E35E,F82C78EC6B17ED8C9FBCD4AB22C8CE94
737,006DD9253AB5C1E91E87BD07D0C56780,006DD9253AB5C1E985DA79EAC25EE892
738,006DD9253AB5C1E91E87BD07D0C56780,006DD9253AB5C1E97535E038463AFF94
739,006DD9253AB5C1E91E87BD07D0C56780,006DD9253AB5C1E904AC9CF0BDCC2E2C
740,006DD9253AB5C1E91E87BD07D0C56780,006DD9253AB5C1E9575C3B0F7D3775D9
741,2FC51BC0AB25E921F9CC31433CD8B172,2FC51BC0AB25E921001BB696D5C771F3
742,2FC51BC0AB25E921F9CC31433CD8B172,2FC51BC0AB25E921F835F28D13B75F21
743,2FC51BC0AB25E921F9CC31433CD8B172,2FC51BC0AB25E921A4ECF5F2EC9DC246
744,8885F9EE17CD295E356D9A3B6441A0B8,8885F9EE17CD295EC022C439D40C5438
745,8885F9EE17CD295E356D9A3B6441A0B8,8885F9EE17CD295E48D752F65687A37A
746,8F3EAC9171F405F4ED8FD3695A94F655,8F3EAC9171F405F4F09A12C98BCE814F
747,8F3EAC9171F405F4ED8FD3695A94F655,8F3EAC9171F405F467BC9A65B133A960
748,8F3EAC9171F405F4ED8FD3695A94F655,8F3EAC9171F405F470BD983055C8E54B
749,4588CB97B8AEEC961AF019E4492E3A8C,4588CB97B8AEEC961AE9B16F2A8CFA0A
750,4588CB97B8AEEC961AF019E4492E3A8C,4588CB97B8AEEC960C505DF1C2410E2E
751,8F3EAC9171F405F404499DBC2CD5D072,8F3EAC9171F405F44345F555D4C175A2
752,8F3EAC9171F405F404499DBC2CD5D072,8F3EAC9171F405F4689546A2CA78E6AC
753,8F3EAC9171F405F404499DBC2CD5D072,8F3EAC9171F405F4B00E08C278E31DAE
754,8F3EAC9171F405F404499DBC2CD5D072,8F3EAC9171F405F4F6340DDAFC62C8CF
755,C8087DE910B10C5AE782973C86DAD2B7,C8087DE910B10C5A846C5DBDD1BAB986
756,C8087DE910B10C5AE782973C86DAD2B7,C8087DE910B10C5A6461D703BDA53C36
757,8609CB94471AA9B6203B3406667BEF0D,8609CB94471AA9B6AE967F2B8685AE67
758,8609CB94471AA9B6203B3406667BEF0D,8609CB94471AA9B6C96356D4254C937C
759,8609CB94471AA9B6203B3406667BEF0D,8609CB94471AA9B667CAF0FC5EF71E6F
760,61B0BEAADC3BD035F90E7E37B2035CCE,61B0BEAADC3BD03597E5E56337347AD5
761,61B0BEAADC3BD035F90E7E37B2035CCE,61B0BEAADC3BD03504EBF96EDB56E236
762,61B0BEAADC3BD035F90E7E37B2035CCE,61B0BEAADC3BD035F78B0EFB1F8DB77D
763,6968EB865B4628D2F42D8ADFB8480670,6968EB865B4628D2386445DBB06212CA
764,6968EB865B4628D2F42D8ADFB8480670,6968EB865B4628D23840B5F992CD9866
765,6968EB865B4628D2F42D8ADFB8480670,6968EB865B4628D2438D2F7FE63C005C
766,DE3681CD588BB5A7F47EB25861694E94,DE3681CD588BB5A7B99145EE44A4AC47
767,DE3681CD588BB5A7F47EB25861694E94,DE3681CD588BB5A7F796E75BB9DBA1FA
768,DE3681CD588BB5A7F47EB25861694E94,DE3681CD588BB5A7FB68612477E64119
769,C37960398A6B31154236C845C97E1B99,C37960398A6B31152127A0C1DB70F12C
770,C37960398A6B31154236C845C97E1B99,C37960398A6B31152AE6FFC9489D5EFC
771,C23C9134D2D8B470DF691584B9328C3D,C23C9134D2D8B4709B95F544FAF68AED
772,C23C9134D2D8B470DF691584B9328C3D,C23C9134D2D8B4700EBDCAF2A26DF7EF
773,C23C9134D2D8B470DF691584B9328C3D,C23C9134D2D8B47083A12848129BD270
774,C23C9134D2D8B470DF691584B9328C3D,C23C9134D2D8B4701D3DFC84C7A7F659
775,A9CFDFCE08B06708259466531893077C,A9CFDFCE08B0670821522FBD9789C208
776,A9CFDFCE08B06708259466531893077C,A9CFDFCE08B067088EAF7E19F52691D1
777,2FC51BC0AB25E9218FEF8C5E5444DD25,2FC51BC0AB25E921FC7412B66AD31C38
778,2FC51BC0AB25E9218FEF8C5E5444DD25,2FC51BC0AB25E921B67C9B94C29FB15A
779,2FC51BC0AB25E9218FEF8C5E5444DD25,2FC51BC0AB25E921ED371CA9D6A82068
780,5AC8CE20B62DF98A380F37AB0320F09A,5AC8CE20B62DF98AE1B8CA544C28AC65
781,5AC8CE20B62DF98A380F37AB0320F09A,5AC8CE20B62DF98ADFA8FC61C40D2488
782,5AC8CE20B62DF98A380F37AB0320F09A,5AC8CE20B62DF98A59EC0C2B18ACD879
783,C541F3ABC7FF20C472C408ED2CFE0176,C541F3ABC7FF20C4A134AE5C78580CC1
784,C541F3ABC7FF20C472C408ED2CFE0176,C541F3ABC7FF20C4FF2B4B8289A57A4E
785,0A796E6BF5CB3B8D5790DB1D5A704E44,0A796E6BF5CB3B8D189235BED8CD5685
786,A9CFDFCE08B06708D5855147E2F10838,A9CFDFCE08B06708715DB343878E1C1B
787,A9CFDFCE08B06708D5855147E2F10838,A9CFDFCE08B06708A434FC91376BDB16
788,BB3FB34796C605EAE5708085484123D3,BB3FB34796C605EAB2F115163D5DFA3D
789,BB3FB34796C605EAE5708085484123D3,BB3FB34796C605EA2A3C4787E2EFFFE6
790,BB3FB34796C605EAE5708085484123D3,BB3FB34796C605EA4AB7643AC6FC6470
791,BBE6F3C45C565E754BF4CFAD932D1D22,BBE6F3C45C565E75AD99E76038CB39E1
792,BBE6F3C45C565E754BF4CFAD932D1D22,BBE6F3C45C565E75F2B8C508A3AF67F7
793,BBE6F3C45C565E754BF4CFAD932D1D22,BBE6F3C45C565E7566608CB11EAB7B49
794,006DD9253AB5C1E9C04908054D1D7720,006DD9253AB5C1E92A927AC76902FE02
795,006DD9253AB5C1E9C04908054D1D7720,006DD9253AB5C1E9E1474EEE69B56FCC
796,8F3EAC9171F405F464B5AC17926EE47F,8F3EAC9171F405F40B9E32238188C60C
797,8F3EAC9171F405F464B5AC17926EE47F,8F3EAC9171F405F4EA35C3092373B14C
798,8F3EAC9171F405F464B5AC17926EE47F,8F3EAC9171F405F4E5E290E256B8FB03
799,8F3EAC9171F405F45655D76A2F7C4613,8F3EAC9171F405F4077A9A9D5E1CFAD3
800,8F3EAC9171F405F45655D76A2F7C4613,8F3EAC9171F405F46150B1574CFEFCBD
801,8F3EAC9171F405F45655D76A2F7C4613,8F3EAC9171F405F48678F1F8E54B86E3
802,24CFF171C301C6AF5987F6306987FCBD,24CFF171C301C6AFB3953CE25E593975
803,24CFF171C301C6AF5987F6306987FCBD,24CFF171C301C6AF1448C8468F9BBD93
804,246CE36D3EB906DB16E9D2CFC8B16A88,246CE36D3EB906DB60F1CFC1628E2791
805,6BC786A9FB7E8B8ABDA0A2CCFCBF7F3D,6BC786A9FB7E8B8A772FF74C25D94732
806,6BC786A9FB7E8B8ABDA0A2CCFCBF7F3D,6BC786A9FB7E8B8A34A2B876BFA92776
807,6BC786A9FB7E8B8ABDA0A2CCFCBF7F3D,6BC786A9FB7E8B8A8F5C4BFF7D435883
808,4F96B144B2DF59B68A4E80EDB6B3CDA9,4F96B144B2DF59B63DAAEB515510490C
809,4F96B144B2DF59B68A4E80EDB6B3CDA9,4F96B144B2DF59B6140372BB832F49C9
810,8609CB94471AA9B65EBCC6F376A77BB5,8609CB94471AA9B63B12FF224D89435A
811,8609CB94471AA9B65EBCC6F376A77BB5,8609CB94471AA9B6E88434A067085259
812,CE1CB6A0B9A78F119D08821EA5F39146,CE1CB6A0B9A78F11ADEC8D343F335BDB
813,CE1CB6A0B9A78F119D08821EA5F39146,CE1CB6A0B9A78F1146D266C6C1D219BF
814,7E0A8CFB64F58AFA1B20C775AEC1C216,7E0A8CFB64F58AFA39F2EA98AA960332
815,7E0A8CFB64F58AFA1B20C775AEC1C216,7E0A8CFB64F58AFAD7DE1DB4D5243253
816,7E0A8CFB64F58AFA1B20C775AEC1C216,7E0A8CFB64F58AFA77D41183AA36D4B6
817,7E0A8CFB64F58AFA1B20C775AEC1C216,7E0A8CFB64F58AFA404D8B9856F14566
818,8609CB94471AA9B69861AB13E04A67B0,8609CB94471AA9B6F3798A7B4F41C511
819,8609CB94471AA9B69861AB13E04A67B0,8609CB94471AA9B6F0F3BFB3C950E4FC
820,8609CB94471AA9B69861AB13E04A67B0,8609CB94471AA9B6C7FBAE76BA659124
821,C541F3ABC7FF20C4BD504C12A553DE56,C541F3ABC7FF20C4F12DADB8BC6EB472
822,C541F3ABC7FF20C4BD504C12A553DE56,C541F3ABC7FF20C440EEA37047C2B2A1
823,C541F3ABC7FF20C4BD504C12A553DE56,C541F3ABC7FF20C43980B2ABD77DFF03
824,F347F64E2A74DF1FDA209C8F81DC0686,F347F64E2A74DF1F183157E7466C4EF3
825,A9C4EA6459B5C41575B3A56EB3CB38A7,A9C4EA6459B5C415D244D920F03FE225
826,A9C4EA6459B5C41575B3A56EB3CB38A7,A9C4EA6459B5C415E73A99469D3DF550
827,9A88B06566B351E2426F67331142A423,9A88B06566B351E2C80813B490EA2362
828,9A88B06566B351E2426F67331142A423,9A88B06566B351E265817AD7F479A3E2
829,9A88B06566B351E2426F67331142A423,9A88B06566B351E288C120452F7B97AE
830,5AC8CE20B62DF98AE30955BE6BC6E5BE,5AC8CE20B62DF98A0F64DAD67B167A7B
831,5AC8CE20B62DF98AE30955BE6BC6E5BE,5AC8CE20B62DF98A1C408AE3216195A9
832,C541F3ABC7FF20C43748F393A4EEFC1E,C541F3ABC7FF20C4551C1CE1D9436704A9F3C4CD769A2D13872B3F5796B762B2
833,C541F3ABC7FF20C43748F393A4EEFC1E,C541F3ABC7FF20C4551C1CE1D9436704A9F3C4CD769A2D13F090808BAFF02D80
834,C541F3ABC7FF20C43748F393A4EEFC1E,C541F3ABC7FF20C4551C1CE1D9436704A9F3C4CD769A2D13D9C73F375B842859
835,5F537522C722293B8FD9685B8193F71B,5F537522C722293B39906AEA1C8320C6
836,5F537522C722293B8FD9685B8193F71B,5F537522C722293BD1C83F59802FE5E5
837,8F3EAC9171F405F44D40898049ADF2FF,8F3EAC9171F405F4633A398A838828C5
838,8F3EAC9171F405F44D40898049ADF2FF,8F3EAC9171F405F4A2D90FA4B6A1023E
839,8F3EAC9171F405F44D40898049ADF2FF,8F3EAC9171F405F4198B0959114953DE
840,8F3EAC9171F405F44D40898049ADF2FF,8F3EAC9171F405F40F247726F384EC59
841,0D5F210D2E72049F40625E6BD6D1E496,0D5F210D2E72049F1B07268D3597A558
842,0D5F210D2E72049F40625E6BD6D1E496,0D5F210D2E72049F41012C7EFB06A388
843,2DC9CE32DE02C6B65F8E5AE3C65E8E09,2DC9CE32DE02C6B613A5DA5B7B992516
844,2DC9CE32DE02C6B65F8E5AE3C65E8E09,2DC9CE32DE02C6B6BAD9E65C43088A2C
845,2DC9CE32DE02C6B65F8E5AE3C65E8E09,2DC9CE32DE02C6B63BEE032644A4B062
846,72B79184FE8F276A44CEB4D2D953A0FA,72B79184FE8F276A8FEC57D57BBE2263
847,72B79184FE8F276A44CEB4D2D953A0FA,72B79184FE8F276AE974180630B29151
848,F3E34C08C5C84F5A36572CA214C78869,F3E34C08C5C84F5A4035FC20B84BCE04
849,F3E34C08C5C84F5A36572CA214C78869,F3E34C08C5C84F5AB8C1A16A640ADE1E
850,AE161A7AB1D01B4226124F673B72FD68,AE161A7AB1D01B420DFF13361DEA96EA
851,AE161A7AB1D01B4226124F673B72FD68,AE161A7AB1D01B42189CD2EC0AF2B730
852,AEB93AA3E68F0DAA5BC09F59DFB88F43,AEB93AA3E68F0DAA0814708A4733234F
853,AEB93AA3E68F0DAA5BC09F59DFB88F43,AEB93AA3E68F0DAA469881AF00FEDE22
854,AEB93AA3E68F0DAA5BC09F59DFB88F43,AEB93AA3E68F0DAAA5797663D44DA6C4
855,6BB71200415564E01EA22CBA78114736,6BB71200415564E01622AA8EBCA39447
856,6BB71200415564E01EA22CBA78114736,6BB71200415564E07903DCD9A628EE73
857,26E07A88ECC5B0956AC4C3741FBE8FDA,26E07A88ECC5B095D200427DFAAF3C649692AF55607965D8
858,26E07A88ECC5B0956AC4C3741FBE8FDA,26E07A88ECC5B0955B024BCA7754B06EB1F9CBFAB3C81F1F
859,26E07A88ECC5B0956AC4C3741FBE8FDA,26E07A88ECC5B095FB368FB3F4C533970DCCA4F5C934B724
860,26E07A88ECC5B0956AC4C3741FBE8FDA,26E07A88ECC5B095BC4423DADB8C86C2
861,A02B6E07B74BDBF132C4889BBC2C18AB,A02B6E07B74BDBF104C1F93DF0654B97
862,A02B6E07B74BDBF132C4889BBC2C18AB,A02B6E07B74BDBF1871830B7EAA92631
863,4A80B89CADAE1CCF09F69221A6EF2884,4A80B89CADAE1CCFF35C1D4B450BF600
864,4A80B89CADAE1CCF09F69221A6EF2884,4A80B89CADAE1CCF55B7B43D45963EFE
865,4A80B89CADAE1CCF09F69221A6EF2884,4A80B89CADAE1CCF419A95EC04BB4972
866,4A80B89CADAE1CCF09F69221A6EF2884,4A80B89CADAE1CCF1D450DC9CE16D775
867,4A80B89CADAE1CCF09F69221A6EF2884,4A80B89CADAE1CCF173ED8363A487DF3
868,4A80B89CADAE1CCF09F69221A6EF2884,4A80B89CADAE1CCF8CCCC7047D8039FF
869,4A80B89CADAE1CCF09F69221A6EF2884,4A80B89CADAE1CCF1BE51E107673D2A8
870,4A80B89CADAE1CCFDC2D987F138C4C59,4A80B89CADAE1CCFC3F32F16F9428DE4
871,8609CB94471AA9B68F6527AD60593995,8609CB94471AA9B638B8FC1D053CDE9C
872,8609CB94471AA9B68F6527AD60593995,8609CB94471AA9B6BE0B61FB0CE3F3F6
873,8609CB94471AA9B68F6527AD60593995,8609CB94471AA9B6E6C31A366EDCCA11
874,8609CB94471AA9B68F6527AD60593995,8609CB94471AA9B6F824FF6AEE114C31
875,8609CB94471AA9B68F6527AD60593995,8609CB94471AA9B61B9F3EB104AA0249
876,8609CB94471AA9B68F6527AD60593995,8609CB94471AA9B67963405DE264484D
877,AC163D7A5128784DAF376C05738B4E30,AC163D7A5128784DFB74B69E1576E3AD
878,AC163D7A5128784DAF376C05738B4E30,AC163D7A5128784DB2FCF65D3C8B616B
879,AC163D7A5128784DAF376C05738B4E30,AC163D7A5128784D59DB94019C8B7D75
880,45AA0794393DE951078FC40F9A94EFE3,45AA0794393DE951E5236DE2E537A78F
881,45AA0794393DE951078FC40F9A94EFE3,45AA0794393DE95146B1B9A29948962A
882,45AA0794393DE951078FC40F9A94EFE3,45AA0794393DE9510F94FE1163E8571C
883,FB26BB9222E532EBC1354E4A9BFB2294,FB26BB9222E532EB4E9CC4EB9EC60D95
884,FB26BB9222E532EBC1354E4A9BFB2294,FB26BB9222E532EB33E14E21C084C786
885,FB26BB9222E532EBC1354E4A9BFB2294,FB26BB9222E532EBAE8DD85985788771
886,FB26BB9222E532EBC1354E4A9BFB2294,FB26BB9222E532EB1157D42A49AE5067
887,FB26BB9222E532EBC1354E4A9BFB2294,FB26BB9222E532EBBFDB065526B8B94D
888,C18E59218D21356A20C570BE02600D7C,C18E59218D21356A593DB817DE2E163F
889,C18E59218D21356A20C570BE02600D7C,C18E59218D21356AF3C03678A075B892
890,C18E59218D21356A20C570BE02600D7C,C18E59218D21356A3B0215B408656FFD
891,0D5F210D2E72049F164992252EF60388,0D5F210D2E72049F0AF36E9DFEB286F5
892,0D5F210D2E72049F164992252EF60388,0D5F210D2E72049FB29AB4C9A7E38BB1
893,01183E1539DD4FB27361509B5883F968,01183E1539DD4FB2F1880059339618642AA28D71ABE8C345
894,01183E1539DD4FB27361509B5883F968,01183E1539DD4FB2BC068CE19ED4FAE69C842D04BB415E6C
895,01183E1539DD4FB27361509B5883F968,01183E1539DD4FB20988E794BFE54FEEFAB5ABE2675F1B13
896,01183E1539DD4FB27361509B5883F968,01183E1539DD4FB20AF0054A21CAF00A08D75AB316AA8B0C
897,AA24116ECBF053B7AFD5CC896C00E7EB,AA24116ECBF053B79C1E4ADA03BE683F
898,AA24116ECBF053B7AFD5CC896C00E7EB,AA24116ECBF053B7BC39EE43547F6042
899,AA24116ECBF053B7AFD5CC896C00E7EB,AA24116ECBF053B786F2AB4AFFDBB3D0
900,8A986562EB0E5D40549D4856564B94F8,8A986562EB0E5D40C7AC0FED101655E2
901,8A986562EB0E5D40549D4856564B94F8,8A986562EB0E5D40224EA2E680425A3F
902,2A6045384F72F94156F9632FC066A87F,2A6045384F72F941744FA69BF97B8202
903,2A6045384F72F94156F9632FC066A87F,2A6045384F72F941D238E57A80D7278D
904,C84AC227BD63921A7D6B88CB4482BF84,C84AC227BD63921A0FA1DC3DD2D1D73E
905,516DD3A24ADEF30DF10A7CCE362495E1,516DD3A24ADEF30D4A94E5AB9172423F
906,516DD3A24ADEF30DF10A7CCE362495E1,516DD3A24ADEF30D71F9566F301DF003
907,516DD3A24ADEF30DF10A7CCE362495E1,516DD3A24ADEF30D554C2341B8399C3B
908,B90386592391E809CDBF43CC82CBF89B,B90386592391E809F0991E852FCB126B
909,B90386592391E809CDBF43CC82CBF89B,B90386592391E8090ED5D7B05F2554E1
910,B90386592391E809CDBF43CC82CBF89B,B90386592391E80956BABD14E4BE2D16
911,13C2D0DCE6FB5F5F269EC60FCA37A0AD,13C2D0DCE6FB5F5F5FFC6A19478841A1
912,13C2D0DCE6FB5F5F269EC60FCA37A0AD,13C2D0DCE6FB5F5FD7AEB99F2D252F4E
913,AC700F82BE361D16F82D6F9C794E8B43,AC700F82BE361D16CFA01EC237A41B7B
914,AC700F82BE361D16F82D6F9C794E8B43,AC700F82BE361D16FEC82A06CC069C84
915,DC2E8BB38BD406AD02F11B13E648B943,DC2E8BB38BD406AD3CF1936CE61F25FF
916,DC2E8BB38BD406AD02F11B13E648B943,DC2E8BB38BD406AD989C02375E160AEA
917,85B6CA827F48D231DEE50CDA5B123AFB,85B6CA827F48D2310CAF232778E659EF
918,85B6CA827F48D231DEE50CDA5B123AFB,85B6CA827F48D2315E3913229B76E510
919,85B6CA827F48D231DEE50CDA5B123AFB,85B6CA827F48D231C2A0A6D3EDAAF4A8
920,50AAFD4DDABFFDD6C17C6EBFCA30FAF9,50AAFD4DDABFFDD6AA9C01D222041E3E
921,50AAFD4DDABFFDD6C17C6EBFCA30FAF9,50AAFD4DDABFFDD6E03FFC278B5EECF6
922,50AAFD4DDABFFDD6C17C6EBFCA30FAF9,50AAFD4DDABFFDD6D23A79136C459597
923,AF1CCED6D686DB7AEE3B3F5C0B1629BA,AF1CCED6D686DB7AF1FED5B88F570E13
924,AF1CCED6D686DB7AEE3B3F5C0B1629BA,AF1CCED6D686DB7A052EE3AC12DD762B
925,AF1CCED6D686DB7AEE3B3F5C0B1629BA,AF1CCED6D686DB7ACDFC90A5FE744D8F
926,C01E038A9B0B5CFB1BA9688C1382D3E2,C01E038A9B0B5CFBA1853B302591F5D3
927,C01E038A9B0B5CFB1BA9688C1382D3E2,C01E038A9B0B5CFBBBAD7579D024BA4D
928,13C2D0DCE6FB5F5FDF8FC4CC39CEEA9A,13C2D0DCE6FB5F5F87FC3930C81C301F
929,13C2D0DCE6FB5F5FDF8FC4CC39CEEA9A,13C2D0DCE6FB5F5FD684E4675EFD8D59
930,2B70DC7FC6D727FE33021D4B8EC764E7,2B70DC7FC6D727FEE2CF63AB2BC4C6B4
931,2B70DC7FC6D727FE33021D4B8EC764E7,2B70DC7FC6D727FE7D6C71218E2356AD
932,27759AA696B692BDEE1A38FC94EA6789,27759AA696B692BD626622313C20E9CE
933,0D5F210D2E72049F57D4BED292566EEB,0D5F210D2E72049FD58F7D21767DB043
934,0D5F210D2E72049F57D4BED292566EEB,0D5F210D2E72049F78AFDC201E80E547
935,FD46DC84DEB2A8EFDBB4CFCCA6486086,FD46DC84DEB2A8EF3499D9400421B5B6
936,FD46DC84DEB2A8EFDBB4CFCCA6486086,FD46DC84DEB2A8EF7F4436291A986460
937,88B1F700BDB0A5E04A1CE361D07A4750,88B1F700BDB0A5E01EBD9FC758FA44E2
938,88B1F700BDB0A5E04A1CE361D07A4750,88B1F700BDB0A5E01DD4C095F0E901AB
939,88B1F700BDB0A5E04A1CE361D07A4750,88B1F700BDB0A5E0F6CEE61F76CB1A26
940,88B1F700BDB0A5E04A1CE361D07A4750,88B1F700BDB0A5E084417440B89876BE
941,88B1F700BDB0A5E04A1CE361D07A4750,88B1F700BDB0A5E0E659B1BB063AF93F
942,187BB3F9C98925BFF1CAC32EC6D2CD5C,187BB3F9C98925BFC0634D0C8F75029B
943,187BB3F9C98925BFF1CAC32EC6D2CD5C,187BB3F9C98925BF8E71306BA50F598B
944,7A57E25935FED4B684AFB9828977D18A,7A57E25935FED4B64B11D8B35BC3AAD3
945,7A57E25935FED4B684AFB9828977D18A,7A57E25935FED4B60294FE95EAB400CA
946,2FC51BC0AB25E921182F0FC3CFB59304,2FC51BC0AB25E921EB46DF1C2079C2BC
947,2FC51BC0AB25E921182F0FC3CFB59304,2FC51BC0AB25E921AC4D0B41CE8456F6
948,86716576A77900D1ABFD71DB2C5FE41D,86716576A77900D1B1A2A18E7BF254DA
949,068E652C488E6D01A2160B57B164DA48,068E652C488E6D017996FB73904A4BE0
950,068E652C488E6D01A2160B57B164DA48,068E652C488E6D019AF4972A615B3295
951,068E652C488E6D01A2160B57B164DA48,068E652C488E6D012902D29A909DD50F
952,AEB93AA3E68F0DAA8E784F48708546E9,AEB93AA3E68F0DAAF3D0ED4AFF7B04A2
953,AEB93AA3E68F0DAA8E784F48708546E9,AEB93AA3E68F0DAA6856F37C3B7E4CC4
954,AEB93AA3E68F0DAA8E784F48708546E9,AEB93AA3E68F0DAA584057B6AE4A7B0D
955,8609CB94471AA9B6957CA634919FEE5F,8609CB94471AA9B6666A88B8C4D58D06
956,8609CB94471AA9B6957CA634919FEE5F,8609CB94471AA9B6CD987693DDD35279
957,8609CB94471AA9B6957CA634919FEE5F,8609CB94471AA9B6DED3A1E54A14C74A
958,59767CBE8A83398DA40D875375291E49,59767CBE8A83398DB2CCD6C807A5D048
959,5C33C447911D67667639598275A436EE,5C33C447911D6766D87271E6BE397613
960,5C33C447911D67667639598275A436EE,5C33C447911D6766D899EC8EE539EDF7
961,97DE461A8C44A0DA02863F97271A62A1,97DE461A8C44A0DAF0D4A7788E0776D1
962,97DE461A8C44A0DA02863F97271A62A1,97DE461A8C44A0DA5C6623A7F08F22B8
963,59767CBE8A83398DEE9E039C33529FF7,59767CBE8A83398D8F2F4B31CAE2A258
964,59767CBE8A83398DEE9E039C33529FF7,59767CBE8A83398D0122E427614E86FF
965,DE3681CD588BB5A7FE8119537E02B037,DE3681CD588BB5A7DCF17E6CAFE08CB3
966,866B66AF0CE56CB29123B45A7062EC34,866B66AF0CE56CB243AE026C029061F7
967,866B66AF0CE56CB29123B45A7062EC34,866B66AF0CE56CB2C2D0AEF203F1DB6F
968,866B66AF0CE56CB29123B45A7062EC34,866B66AF0CE56CB2C6C3411CA1E991A1
969,866B66AF0CE56CB29123B45A7062EC34,866B66AF0CE56CB23E6D3BC708E7869A
970,9727FC0EA894BD8702BA6D9585D0C4E4,9727FC0EA894BD877EEFE79B5EAF9670
971,9727FC0EA894BD8702BA6D9585D0C4E4,9727FC0EA894BD8765008B9918B429FD
972,9727FC0EA894BD8702BA6D9585D0C4E4,9727FC0EA894BD87297A56020B141A20
973,187BB3F9C98925BF1DC38212D2F2F2FB,187BB3F9C98925BFD937C388BA7CEA6B
974,187BB3F9C98925BF1DC38212D2F2F2FB,187BB3F9C98925BFFA781A000E9C7647
975,AC163D7A5128784D073A0387AD0959E1,AC163D7A5128784D70F3B28E0A6E8006
976,AC163D7A5128784D073A0387AD0959E1,AC163D7A5128784D124C55C24B277DD2
977,AC163D7A5128784D073A0387AD0959E1,AC163D7A5128784D838B11A83B9CA88A
978,AC163D7A5128784D073A0387AD0959E1,AC163D7A5128784D00CF98103DEF8ECA
979,9727FC0EA894BD878B87328252D5F6AA,9727FC0EA894BD87AC9B61BD7FB841DA
980,9727FC0EA894BD878B87328252D5F6AA,9727FC0EA894BD878DA48B96E8DF3862
981,5D1BBF77DB3C223F968827F6B1B72F55,5D1BBF77DB3C223FB9E7DFC90EC54F0E
982,AC163D7A5128784DD7908C4AA4BF3A8E,AC163D7A5128784DCD9E47C95B1C7425
983,AC163D7A5128784DD7908C4AA4BF3A8E,AC163D7A5128784DD9F21415A89CDB7C
984,AC163D7A5128784DD7908C4AA4BF3A8E,AC163D7A5128784DF1BDADDB206814AE
985,AC163D7A5128784DD7908C4AA4BF3A8E,AC163D7A5128784D5F46BAF9652E3931
986,C936FF0637CF6AA845BE3D566E2D087F,C936FF0637CF6AA8BA4EEAAD353EE2D2
987,E8F1C0CE6B18727124370ED3AA2CB269,E8F1C0CE6B1872717DEA83A3553B0B5E
988,E8F1C0CE6B18727124370ED3AA2CB269,E8F1C0CE6B1872715DF178254646B19D
989,8F3EAC9171F405F450E227B9A4406B42,8F3EAC9171F405F4B803FECE94205A21
990,8F3EAC9171F405F450E227B9A4406B42,8F3EAC9171F405F4857F1836CD705397
991,710ED230A1404DE77D46B1BD1B209C56,710ED230A1404DE7311559F499E6705C
992,710ED230A1404DE77D46B1BD1B209C56,710ED230A1404DE72D36101964D4E354
993,EA0AB6D4332D661143BDFB200C09750E,EA0AB6D4332D6611705C4C3C297166DC
994,EA0AB6D4332D661143BDFB200C09750E,EA0AB6D4332D66111A0414A832B56947
995,EA0AB6D4332D661143BDFB200C09750E,EA0AB6D4332D66115AD2A3BFFE28536A
996,88E7449EC2695639FD39BA2002C0A23A,88E7449EC26956397976B56900960D7D
997,88E7449EC2695639FD39BA2002C0A23A,88E7449EC2695639CB22388487BA4CD1
998,DD8AFFD47EC883FF6E9E22C5EEFB4ACD,DD8AFFD47EC883FF5E1018378EE7F51D
999,DD8AFFD47EC883FF6E9E22C5EEFB4ACD,DD8AFFD47EC883FFA35B5BCC7E64B35C
1000,8609CB94471AA9B650932AF5A832921E,8609CB94471AA9B6A9EB702A786BE5AA
1001,8609CB94471AA9B650932AF5A832921E,8609CB94471AA9B69A6DE2B510F09CBB
1002,BB3FB34796C605EA3221755F934C351B,BB3FB34796C605EA7376CB49DED56A8F
1003,BB3FB34796C605EA3221755F934C351B,BB3FB34796C605EAD637542CF26A51FB
1004,CB9D78740C1F925EA2A051271CB056A7,CB9D78740C1F925E687B59639BCDA350
1005,C9D36D642BD61777F1ACD88474A8F087,C9D36D642BD617775409B70C78907168
1006,C9D36D642BD61777F1ACD88474A8F087,C9D36D642BD61777600D39B5DDE6DA0F
1007,6BB71200415564E0FDAB7D93ACD4A6E8,6BB71200415564E044576B396A1C3078
1008,54DBD258076E87A0FA858451CA93D31E,54DBD258076E87A0D004D9883179EE2C
1009,54DBD258076E87A0FA858451CA93D31E,54DBD258076E87A0B138CEBF12CCDC2B
1010,54DBD258076E87A0FA858451CA93D31E,54DBD258076E87A08685EB942C00EA9A
1011,922BEDBE9E3F13904530B5B8AB23095B,922BEDBE9E3F139014FEA0D7C6634A62
1012,922BEDBE9E3F13904530B5B8AB23095B,922BEDBE9E3F1390EEB93C9FAD8AAE73
1013,A9CFDFCE08B06708E05237F7F72B2CC2,A9CFDFCE08B06708EC9707D4DA86BFBB
1014,A9CFDFCE08B06708E05237F7F72B2CC2,A9CFDFCE08B06708ADC9BB2AE6DCB0F9
1015,A9CFDFCE08B06708E05237F7F72B2CC2,A9CFDFCE08B06708D73D00E637DBD86B
1016,A9CFDFCE08B06708E05237F7F72B2CC2,A9CFDFCE08B067089BC4BE509CFC7D3E
1017,A9CFDFCE08B06708E05237F7F72B2CC2,A9CFDFCE08B06708FA9D66B7D125C948
1018,A9CFDFCE08B06708E05237F7F72B2CC2,A9CFDFCE08B067089B11B63852CBE5EF
1019,2CE7A8B727E8969D951F7937B764F58E,2CE7A8B727E8969D35BE4F1C5F796A91
1020,2CE7A8B727E8969D951F7937B764F58E,2CE7A8B727E8969DEFD15EFB6AE903F4
1021,2A6045384F72F941602CB5B658021008,2A6045384F72F941023ABED85DAC36F1
1022,2A6045384F72F941602CB5B658021008,2A6045384F72F94105081CFF1F79C7BB
1023,CBB517961CECB27CDC6AEB272C0E5E82,CBB517961CECB27CA1C0A6FE92B0BA5B
1024,CBB517961CECB27CDC6AEB272C0E5E82,CBB517961CECB27C3154F2DAEC1C84E1
1025,C7CE40F5BE1281BA1998785BCCDC3313,C7CE40F5BE1281BA0049839FBFDF7666
1026,C7CE40F5BE1281BA1998785BCCDC3313,C7CE40F5BE1281BAB49A3C43075FB70B
1027,C7CE40F5BE1281BA1998785BCCDC3313,C7CE40F5BE1281BA513229571E2569B4
1028,C7CE40F5BE1281BA1998785BCCDC3313,C7CE40F5BE1281BA3D3295B914351485
1029,C9D36D642BD61777BADC9129EEF404EC,C9D36D642BD6177779CF232C38655C96
1030,C9D36D642BD61777BADC9129EEF404EC,C9D36D642BD6177750D076F61558A680
1031,1DCC00CE2B789683C6D44E496320B71E,1DCC00CE2B78968348120C2651DE847A
1032,1DCC00CE2B789683C6D44E496320B71E,1DCC00CE2B789683C3687C44413D43C1
1033,1DCC00CE2B789683C6D44E496320B71E,1DCC00CE2B7896834BAA4509268D65DB
1034,4588CB97B8AEEC9606C470540EFE69AA,4588CB97B8AEEC96CD00BCDC72C85E69
1035,4588CB97B8AEEC9606C470540EFE69AA,4588CB97B8AEEC9653F3187486CB84FF
1036,4588CB97B8AEEC9606C470540EFE69AA,4588CB97B8AEEC96653297EEC92490C7
1037,0D5F210D2E72049FA90455042DE6F7BF,0D5F210D2E72049F9BA4C42530C3CFED
1038,0D5F210D2E72049FA90455042DE6F7BF,0D5F210D2E72049F2666B76AB873E1AD
1039,A0E018B75B5A7777102794151CD69506,A0E018B75B5A7777BAB695BC428D4904
1040,A0E018B75B5A7777102794151CD69506,A0E018B75B5A77773D03323BD814FE9D
1041,F45EE7ADAB6E73A3BD1973BD044ED187,F45EE7ADAB6E73A3D614F1811116493B
1042,F45EE7ADAB6E73A3BD1973BD044ED187,F45EE7ADAB6E73A35004F343869BD751
1043,30AB956A386206493827F7159B5BD943,30AB956A386206493F132048A4A2FC66
1044,068E652C488E6D0121ADF8B855F7D78B,068E652C488E6D0147D6ECC30A8A4F1C
1045,70D48D03508236AF9233E1B013F4BBD8,70D48D03508236AF64AB7FB258A2F7D7
1046,70D48D03508236AF9233E1B013F4BBD8,70D48D03508236AFABB1691DDC34215D
1047,70D48D03508236AF9233E1B013F4BBD8,70D48D03508236AF0EC39196B818C3E3
1048,8F3EAC9171F405F42A37687D81FAADC2,8F3EAC9171F405F465E46957D76B6D33
1049,957564E5509E9F0A1B80AAF24A0B0346,957564E5509E9F0A46E236C89F4666E0
1050,957564E5509E9F0A1B80AAF24A0B0346,957564E5509E9F0A28CE81E8B81BC5CF
1051,957564E5509E9F0A1B80AAF24A0B0346,957564E5509E9F0A8D6FA5FF17D0CBF9
1052,957564E5509E9F0A1B80AAF24A0B0346,957564E5509E9F0AD4F296D2E670CB43
1053,2A6045384F72F941AF63AA01F52E58A3,2A6045384F72F9410710D87E6302C373
1054,C9A6EA6C7C4B6E69493332C6C6684AD8,C9A6EA6C7C4B6E697E30718CB6F8B0F0
1055,2FC51BC0AB25E921BA9F01B4E327487F,2FC51BC0AB25E921B021F50AC8E711C8
1056,2FC51BC0AB25E921BA9F01B4E327487F,2FC51BC0AB25E92119F8D25A47CD4ADB
1057,2FC51BC0AB25E921BA9F01B4E327487F,2FC51BC0AB25E9210D086688BB1B1DFE
1058,7C590086F6D01CADD94642405B916CB5,7C590086F6D01CAD6D6B3A62860554A9
1059,7C590086F6D01CADD94642405B916CB5,7C590086F6D01CADFB2FD185F8BF4487
1060,7C590086F6D01CADD94642405B916CB5,7C590086F6D01CADB175274004F83F99
1061,7C590086F6D01CADD94642405B916CB5,7C590086F6D01CADFABD97651AA2459D
1062,8609CB94471AA9B686F8709F4CE4E7F1,8609CB94471AA9B6C5F010C5770DA4C2
1063,8609CB94471AA9B686F8709F4CE4E7F1,8609CB94471AA9B611ECEA33A85430CE
1064,A1B4A43FDBD3AACDD5C7EB26C4B81004,A1B4A43FDBD3AACD6A86E248DB33D33D
1065,79A7C089FC90F6742D93FC94D9ABAE1F,79A7C089FC90F674127F79DEA23B075E
1066,79A7C089FC90F6742D93FC94D9ABAE1F,79A7C089FC90F674961628D20AB0DF8E
1067,32852A2A43E8C0033EC59B12762ED2DC,32852A2A43E8C0039692934B0727F7CE
1068,32852A2A43E8C0033EC59B12762ED2DC,32852A2A43E8C0032169807C8D325C4F
1069,821888A8683A862372CCA81403D73790,821888A8683A86239595E679F8B5F66B
1070,9223F88E53E01305460EAB1C8D0648D0,9223F88E53E01305A0C5D99368F91E2C
1071,9223F88E53E01305460EAB1C8D0648D0,9223F88E53E01305ED5C72549F0B9AC5
1072,A72A7408C1DC984B0DA6EF9B81CA2BE1,A72A7408C1DC984B7E59DFDAC6E1CDB8
1073,4EA3A1FD45F36A330F3B7145BEF71E24,4EA3A1FD45F36A3327915278E60BCD9D
1074,4EA3A1FD45F36A330F3B7145BEF71E24,4EA3A1FD45F36A33C6BE95E9582B8386
1075,13C2D0DCE6FB5F5F0B859A87EE04FBEB,13C2D0DCE6FB5F5F56CAFCC22DC5535D
1076,13C2D0DCE6FB5F5F0B859A87EE04FBEB,13C2D0DCE6FB5F5FCCE0519EC483341B
1077,8609CB94471AA9B6D3DBF85BA182DFEC,8609CB94471AA9B62495362D46DFCC81
1078,27759AA696B692BDC454C7A8BB38D882,27759AA696B692BDF0F2B60CAE63590A
1079,27759AA696B692BDC454C7A8BB38D882,27759AA696B692BD2820380AAB0BDF45
1080,88B1F700BDB0A5E077B33E544ADF1025,88B1F700BDB0A5E0AF81431F4AD51AD7
1081,88B1F700BDB0A5E077B33E544ADF1025,88B1F700BDB0A5E01D81E43C8835F703
1082,88B1F700BDB0A5E077B33E544ADF1025,88B1F700BDB0A5E0403F71E3B7C7C32F
1083,CBB517961CECB27CDFEB9A968224F81D,CBB517961CECB27C2D470B368B7BAD82
1084,CBB517961CECB27CDFEB9A968224F81D,CBB517961CECB27CE7847E13DC4AB14A
1085,B90386592391E8099FF2AFD45E214ADB,B90386592391E809E16B8E84F6280029
1086,B90386592391E8099FF2AFD45E214ADB,B90386592391E80950219800995BF7B6
1087,4EC32E5E10CC94A7E1D6755F0A834C54,4EC32E5E10CC94A71B28701AEBAFC73D
1088,F3AB5916A417E48E4DDD56C9D2A0AD8B,F3AB5916A417E48EE0E151244E7F98BA
1089,F3AB5916A417E48E4DDD56C9D2A0AD8B,F3AB5916A417E48EDF11854E5A933E0D
1090,4EC32E5E10CC94A734E32331754754B8,4EC32E5E10CC94A7F55C9467BF72C5FB
1091,4EC32E5E10CC94A734E32331754754B8,4EC32E5E10CC94A7280A543A03AC4AB3
1092,4EC32E5E10CC94A734E32331754754B8,4EC32E5E10CC94A71D683CE9DE9B4B6B
1093,BAC9A4022E94A994514C2EB6E1038119,BAC9A4022E94A9944CC492B1151EBBB6
1094,BAC9A4022E94A994514C2EB6E1038119,BAC9A4022E94A99452B38E62A1029CEB
1095,BAC9A4022E94A994514C2EB6E1038119,BAC9A4022E94A9944BE52240E3D8667D
1096,88B1F700BDB0A5E016427EF6414E9E97,88B1F700BDB0A5E0E882C71A8F86E9F3
1097,88B1F700BDB0A5E016427EF6414E9E97,88B1F700BDB0A5E0612B3B97B1537674
1098,88B1F700BDB0A5E016427EF6414E9E97,88B1F700BDB0A5E0C496550D82DEC682
1099,88B1F700BDB0A5E016427EF6414E9E97,88B1F700BDB0A5E05CA7EDF880B256F9
1100,BA11410461A83F15F5A068C3B9E2105E,BA11410461A83F154FF77C8344DB678C
1101,BA11410461A83F15F5A068C3B9E2105E,BA11410461A83F1583A7101D1981AB45
1102,0120B1AE224A2DF69D61B2253DFF3420,0120B1AE224A2DF63186E2B16CF2D09D
1103,B93B47F2D75838505A64121665DA05C1,B93B47F2D75838503C80BFAD4D6562D8
1104,B93B47F2D75838505A64121665DA05C1,B93B47F2D7583850973EB68822DE90A6
1105,2CE7A8B727E8969D8E82148C19FAA15D,2CE7A8B727E8969D4856A43E64ECE3A5
1106,2CE7A8B727E8969D8E82148C19FAA15D,2CE7A8B727E8969DF14C5F5E1425692C
1107,2CE7A8B727E8969D8E82148C19FAA15D,2CE7A8B727E8969D2E7CA5979DC60D1C
1108,A9CFDFCE08B06708F12AEDDB376057C7,A9CFDFCE08B0670891BF572FC0E5727B
1109,A9CFDFCE08B06708F12AEDDB376057C7,A9CFDFCE08B06708BB5AB77F968F60F3
1110,A9CFDFCE08B06708F12AEDDB376057C7,A9CFDFCE08B06708CB08B09857CD59F3
1111,A9CFDFCE08B06708F12AEDDB376057C7,A9CFDFCE08B06708EA78968153C809DF
1112,A9CFDFCE08B06708F12AEDDB376057C7,A9CFDFCE08B06708B63AB2D08FB72D11
1113,A9CFDFCE08B06708F12AEDDB376057C7,A9CFDFCE08B067089EEBC826F112817F
1114,A9CFDFCE08B06708F12AEDDB376057C7,A9CFDFCE08B067080BA2C20AE6C50EE4
1115,CBFBFC54D44C173686506C14C9BE7FCC,CBFBFC54D44C17364E6CCCB1D8773D8A
1116,CBFBFC54D44C173686506C14C9BE7FCC,CBFBFC54D44C17365C11D6F4BDB3A79B
1117,A9CFDFCE08B06708A69AD7417D9500C8,A9CFDFCE08B06708FE485B0DCB9F51D0
1118,A9CFDFCE08B06708A69AD7417D9500C8,A9CFDFCE08B067084AC9E323A0718E5E
1119,A9CFDFCE08B06708A69AD7417D9500C8,A9CFDFCE08B067085A41CEB7F3019410
1120,A9CFDFCE08B06708A69AD7417D9500C8,A9CFDFCE08B06708448DF771B71238AE
1121,A9CFDFCE08B06708A69AD7417D9500C8,A9CFDFCE08B06708DA5DF10160E14AF1
1122,A9CFDFCE08B06708A69AD7417D9500C8,A9CFDFCE08B06708B68844AFEB00EC4B
1123,A9CFDFCE08B06708A69AD7417D9500C8,A9CFDFCE08B06708E5F1701247B67FEB
1124,A9CFDFCE08B06708A69AD7417D9500C8,A9CFDFCE08B067081C48CFFC101A9F03
1125,A9CFDFCE08B06708A69AD7417D9500C8,A9CFDFCE08B06708DE5729D7E2BCCDAB
1126,A9CFDFCE08B06708A69AD7417D9500C8,A9CFDFCE08B067084ED875C23CC67971
1127,A9CFDFCE08B06708A69AD7417D9500C8,A9CFDFCE08B06708CEC65B4F7EF5D3E8
1128,CE1CB6A0B9A78F11FD2C8C9E7BA0DF2A,CE1CB6A0B9A78F113C2A276DC8FB4DD5
1129,0A9D4875042FEC97A58059A43614D123,0A9D4875042FEC97E46CD5790E0220D7
1130,0A9D4875042FEC97A58059A43614D123,0A9D4875042FEC9720DAB8281A229DD3
1131,8609CB94471AA9B69C462B3A1CC64D77,8609CB94471AA9B6ECA79EF007314618
1132,8609CB94471AA9B69C462B3A1CC64D77,8609CB94471AA9B6C19E6C34897F6126
1133,27759AA696B692BD87929BB70F0A6E45,27759AA696B692BDD61026180E75477D
1134,81DA169B63194EB720E8B54E607CF09C,81DA169B63194EB7A6F373EEE0214BAD
1135,81DA169B63194EB720E8B54E607CF09C,81DA169B63194EB79E5F74698FC99E59
1136,13C2D0DCE6FB5F5F47DCFA428026B22B,13C2D0DCE6FB5F5FE37803B47FF49D94
1137,13C2D0DCE6FB5F5F47DCFA428026B22B,13C2D0DCE6FB5F5F752A72CF413C55CE
1138,13C2D0DCE6FB5F5F47DCFA428026B22B,13C2D0DCE6FB5F5F35CD9929314B9AD9
1139,A72A7408C1DC984BA0791E2F7D955D13,A72A7408C1DC984BB4EAFFB818442CA0
1140,A72A7408C1DC984BA0791E2F7D955D13,A72A7408C1DC984BECB761E1D4A4A8F5
1141,A72A7408C1DC984BA0791E2F7D955D13,A72A7408C1DC984B042AD02025CDE2ED
1142,A72A7408C1DC984BA0791E2F7D955D13,A72A7408C1DC984BF183013D58303B75
1143,97ABC8671968F8D33D057715D7227FC9,97ABC8671968F8D305B2171B0EC7D292
1144,607D7BE39E8B49743D320B5ADF2277B9,607D7BE39E8B497460E7B94592CE22BF
1145,607D7BE39E8B49743D320B5ADF2277B9,607D7BE39E8B497462612F9DC3BC950D
1146,CFED4CB03A71ABF396E0417C5D794A15,CFED4CB03A71ABF3CC276FF0F99AA0BF
1147,DD8AFFD47EC883FFAA945D6510DE38CB,DD8AFFD47EC883FF6B7B06717BF577F6
1148,DD8AFFD47EC883FFAA945D6510DE38CB,DD8AFFD47EC883FFBB4A4B93916BC0B5
1149,86E0CD1605C343DCF7E78FBA84ECC306,86E0CD1605C343DC95ABABDD8A42E9E1
1150,86E0CD1605C343DCF7E78FBA84ECC306,86E0CD1605C343DCD2C6A3B77FAE4D9C
1151,86E0CD1605C343DCF7E78FBA84ECC306,86E0CD1605C343DCD72B93B67A8AD102
1152,559CEEE0DE7FD5C00B2BDD256FD4894F,559CEEE0DE7FD5C09CD1A876F70C7FF8
1153,559CEEE0DE7FD5C00B2BDD256FD4894F,559CEEE0DE7FD5C0FAC510EDD986EC5A
1154,559CEEE0DE7FD5C00B2BDD256FD4894F,559CEEE0DE7FD5C04319A8D246377C2D
1155,CB67871E1EE812ADE5BEA44A19CED124,CB67871E1EE812AD21D9A970D7735342
1156,CB67871E1EE812ADE5BEA44A19CED124,CB67871E1EE812ADF44342490ADDCCFF
1157,CB67871E1EE812ADE5BEA44A19CED124,CB67871E1EE812ADAC165A317041ED78
1158,8609CB94471AA9B6D3277A87D64D11BD,8609CB94471AA9B68661E8A6E2E657C1
1159,8609CB94471AA9B6D3277A87D64D11BD,8609CB94471AA9B6F9693D6B87DDC378
1160,1D07ECB64F81D609211A88817690FB7A,1D07ECB64F81D60945BA7EC8491FEF88
1161,1D07ECB64F81D609211A88817690FB7A,1D07ECB64F81D609E8A6831871F15292
1162,8609CB94471AA9B6C93432FD3EB107D8,8609CB94471AA9B6BC29AA6C9A2EE5CF
1163,8609CB94471AA9B6C93432FD3EB107D8,8609CB94471AA9B636FFB5EFA2BC9F66
1164,E4B27D6E2C8F315829E0C9EBD1B5044D,E4B27D6E2C8F315881DB9FAAEB22189E
1165,E4B27D6E2C8F315829E0C9EBD1B5044D,E4B27D6E2C8F3158DC8F85A4FA22727A
1166,2A6045384F72F941548C31943DBC0EFB,2A6045384F72F941448F898594A4C388
1167,49FE92422820232452BA6BF799D52D11,49FE924228202324612597244066B79E
1168,49FE92422820232452BA6BF799D52D11,49FE92422820232426170AB6B16A32E0
1169,0120B1AE224A2DF62708E553435D969C,0120B1AE224A2DF6A2EF14EA499469ED
1170,0120B1AE224A2DF62708E553435D969C,0120B1AE224A2DF69AAFCE59AFB8E15A
1171,E8F1C0CE6B1872714FDB2A844AD1D82D,E8F1C0CE6B187271B9DEA8D3AD2061E3
1172,F3AB5916A417E48E63EA00D48925F477,F3AB5916A417E48EA885E04020474921
1173,F3AB5916A417E48E63EA00D48925F477,F3AB5916A417E48EF5C27C15EBE57965
1174,0120B1AE224A2DF667A8A3CB9E5E1931,0120B1AE224A2DF6E8F7B429670DDEB2
1175,0120B1AE224A2DF667A8A3CB9E5E1931,0120B1AE224A2DF641FAA3FDC16158B2
1176,6BB71200415564E0CF865631DA2B1205,6BB71200415564E0BE38E972FFA10B79
1177,6BB71200415564E0CF865631DA2B1205,6BB71200415564E00098A7BE363A2CAB
1178,88B1F700BDB0A5E0A4C21BF030395E32,88B1F700BDB0A5E07D97049E8F0D5C8E
1179,88B1F700BDB0A5E0A4C21BF030395E32,88B1F700BDB0A5E0F266DDC4CA817134
1180,88B1F700BDB0A5E0A4C21BF030395E32,88B1F700BDB0A5E07C27E9106F59C340
1181,88B1F700BDB0A5E0A4C21BF030395E32,88B1F700BDB0A5E0F75F2DB3F5845720
1182,88B1F700BDB0A5E0A4C21BF030395E32,88B1F700BDB0A5E0D1D9F20D97ED6724
1183,50A933E6A8C3CF758A50462B5532B1A0,50A933E6A8C3CF7542453341644679394A640933C0169E9251FBF997FE95D0E6
1184,50A933E6A8C3CF758A50462B5532B1A0,50A933E6A8C3CF7542453341644679394A640933C0169E92DC840AAD4F6DF2AD
1185,BC10C6CEBC5A958E55E5B8FDB253752A,BC10C6CEBC5A958E9922B42CFEB044DF
1186,CE1CB6A0B9A78F11B4A9A33D38B5B9DE,CE1CB6A0B9A78F11535DDD0F475BDA31
1187,6BB71200415564E0CFC7197F017468A5,6BB71200415564E04535B1BE535F8BE9
1188,6BB71200415564E0CFC7197F017468A5,6BB71200415564E09F3FA0E8B33F334B
1189,00586C96EB6533B811042B06F78A49DC,00586C96EB6533B8A4F6A3BD7FC2C575
1190,00586C96EB6533B811042B06F78A49DC,00586C96EB6533B8A50285A2A96B5BBA
1191,849FC34138C22EEC70763ECE30ADCF67,849FC34138C22EEC9F65467375CDDFB0
1192,849FC34138C22EEC70763ECE30ADCF67,849FC34138C22EECC85FF5C2565DE30B
1193,85B6CA827F48D2318CE907623F2C470D,85B6CA827F48D231BFBC2769877A8C7C
1194,85B6CA827F48D2318CE907623F2C470D,85B6CA827F48D23135EEF978D4DF9AAB
1195,85B6CA827F48D2318CE907623F2C470D,85B6CA827F48D231026B145064455007
1196,85B6CA827F48D2318CE907623F2C470D,85B6CA827F48D23146CD9D79D74CAC08
1197,7743A394AA6BE6821BAD20D06C7020B9,7743A394AA6BE682DF99C134160E0DE5
1198,7743A394AA6BE6821BAD20D06C7020B9,7743A394AA6BE682C4CA8E62BAA352F8
1199,0292E4266C2A737F0EE4283019681C03,0292E4266C2A737FB53465E80330EFE3
1200,33D8050BDC499697DFF74AACEE8CF876,33D8050BDC49969786B61432CA6657D2
1201,33D8050BDC499697DFF74AACEE8CF876,33D8050BDC49969731792346FA3F0BD7
1202,A405739C9897516ECBB06E61E3B89EFB,A405739C9897516ECC8DCBD8F5F5BD7D
1203,A405739C9897516ECBB06E61E3B89EFB,A405739C9897516E1FEAF2144ECE0A16
1204,A405739C9897516ECBB06E61E3B89EFB,A405739C9897516E5FCF656AF36898C0
1205,A405739C9897516ECBB06E61E3B89EFB,A405739C9897516E8E831AFD1F05F434
1206,710ED230A1404DE7FB800CD6610A3DF6,710ED230A1404DE703493F26ABFFB7B4
1207,710ED230A1404DE7FB800CD6610A3DF6,710ED230A1404DE7E6C4371762AC78F1
1208,710ED230A1404DE7FB800CD6610A3DF6,710ED230A1404DE74E7350B5B3EAB2B5
1209,710ED230A1404DE7FB800CD6610A3DF6,710ED230A1404DE76936A00FB1B7E047
1210,5F537522C722293B7778C01F91E28BBD,5F537522C722293B92955C778BA8CDE4
1211,5F537522C722293B7778C01F91E28BBD,5F537522C722293BE6DB95ABE46563B5
1212,CBB52C860FC70F4A275073CF690B46A1,CBB52C860FC70F4A5601E2615228C6F3
1213,CBB52C860FC70F4A275073CF690B46A1,CBB52C860FC70F4ABAD6FA89B02A901A
1214,CBB52C860FC70F4A275073CF690B46A1,CBB52C860FC70F4AAB76A644174B3AB8
1215,C23C9134D2D8B47042B60E2BA4589471,C23C9134D2D8B470CD5677DB5EB68E94
1216,C23C9134D2D8B47042B60E2BA4589471,C23C9134D2D8B470961FA417AA3DBB06
1217,63EE73E696FE5A9075BB67D5B880EFA5,63EE73E696FE5A900BEF356F6D8263DA
1218,63EE73E696FE5A9075BB67D5B880EFA5,63EE73E696FE5A90B4BAF40348BF7808
1219,559CEEE0DE7FD5C040C15D76603F31AC,559CEEE0DE7FD5C081DF1E67CE39DC41
1220,559CEEE0DE7FD5C040C15D76603F31AC,559CEEE0DE7FD5C06AE867146CD05DE9
1221,8F3EAC9171F405F487F227C92C98597B,8F3EAC9171F405F48BED3E594471E084
1222,8F3EAC9171F405F487F227C92C98597B,8F3EAC9171F405F475F518F093C7A7F5
1223,1DCC00CE2B78968366E69B83DC24ADEA,1DCC00CE2B789683D556AE3CF1E45FD8
1224,1DCC00CE2B78968366E69B83DC24ADEA,1DCC00CE2B78968379819D599D1F6D32
1225,1DCC00CE2B78968366E69B83DC24ADEA,1DCC00CE2B7896832E1C61252A0286EB
1226,C18E59218D21356AAB87EF7F09F6DDF4,C18E59218D21356ABEF9E08BA55A786E
1227,C18E59218D21356AAB87EF7F09F6DDF4,C18E59218D21356A63E5B5C89CF1EB01
1228,C18E59218D21356AAB87EF7F09F6DDF4,C18E59218D21356A1FC86077FE409F4C
1229,2A6A8F66F7218A10697E52C76AE4B961,2A6A8F66F7218A10A1436D310CED3DD4
1230,2A6A8F66F7218A10697E52C76AE4B961,2A6A8F66F7218A10AAC64EE02879BA5A
1231,2A6A8F66F7218A10697E52C76AE4B961,2A6A8F66F7218A10C8F2F0017DBA031D
1232,8609CB94471AA9B60106B24A66D158A3,8609CB94471AA9B6690335FF54F5021A
1233,8609CB94471AA9B60106B24A66D158A3,8609CB94471AA9B6B26D5C6498C26F43
1234,E6C97D7E9DE3A01E20A9F225286649D2,E6C97D7E9DE3A01E479F46F042CEBC52
1235,E6C97D7E9DE3A01E20A9F225286649D2,E6C97D7E9DE3A01EC99FC8CB027E887E
